Date,Store ID,Product ID,Category,Region,Inventory Level,Units Sold,Units Ordered,Demand Forecast,Price,Discount,Weather Condition,Holiday/Promotion,Competitor Pricing,Seasonality
2023-10-24,S002,P0008,Electronics,North,225,138,144,139.31,40.47,0,Snowy,1,41.97,Winter
2023-03-11,S005,P0006,Toys,North,200,105,119,117.55,18.65,15,Cloudy,1,16.65,Spring
2022-12-10,S001,P0005,Clothing,East,145,70,137,78.51,20.33,15,Snowy,0,18.04,Winter
2022-12-10,S001,P0018,Electronics,West,350,105,157,103.11,98.65,15,Sunny,0,95.43,Spring
2023-01-22,S002,P0012,Groceries,North,145,76,145,92.47,10.04,20,Sunny,0,13.01,Winter
2023-02-26,S001,P0012,Electronics,East,371,206,80,222.51,11.27,10,Sunny,0,6.58,Summer
2023-09-29,S001,P0002,Groceries,North,113,87,145,91.25,30.53,15,Snowy,0,34.65,Summer
2022-11-03,S004,P0003,Clothing,East,464,53,93,56.67,50.23,15,Sunny,1,54.12,Summer
2022-08-03,S002,P0020,Groceries,East,132,129,68,139.11,61.78,15,Sunny,0,59.69,Winter
2022-05-02,S001,P0008,Groceries,West,134,55,176,46.45,17.63,0,Rainy,1,21.23,Summer
2023-08-09,S003,P0008,Furniture,East,108,9,111,7.89,74.36,15,Rainy,1,75.09,Spring
2023-05-16,S003,P0004,Groceries,East,241,128,24,125.6,34.1,20,Sunny,1,37.34,Summer
2023-10-21,S001,P0017,Furniture,South,445,327,135,335.27,71.15,0,Sunny,1,70.49,Winter
2023-04-17,S003,P0018,Toys,East,127,41,76,56.58,96.03,5,Cloudy,0,99.13,Spring
2022-07-27,S001,P0006,Clothing,South,87,71,166,88.45,27.99,15,Snowy,1,27.14,Winter
2023-01-20,S001,P0005,Groceries,East,114,78,104,69.73,81.5,10,Cloudy,1,77.87,Autumn
2023-05-29,S004,P0003,Furniture,South,481,470,77,462.87,65.92,20,Rainy,0,62.55,Winter
2022-11-02,S002,P0019,Clothing,West,463,137,110,138.83,72.51,20,Snowy,0,74.7,Autumn
2022-06-01,S004,P0020,Electronics,North,342,93,162,96.53,39.36,0,Sunny,0,41.0,Summer
2023-06-21,S001,P0007,Clothing,South,482,179,188,178.97,82.95,10,Cloudy,1,81.61,Autumn
2022-07-08,S002,P0010,Clothing,West,462,273,162,286.12,15.04,20,Snowy,1,13.89,Winter
2022-06-12,S005,P0011,Clothing,East,162,49,100,62.24,79.39,20,Snowy,0,74.8,Spring
2022-11-21,S003,P0013,Furniture,East,66,52,28,60.79,85.28,15,Rainy,1,85.11,Summer
2023-11-26,S005,P0004,Clothing,South,452,258,96,250.87,63.32,20,Snowy,1,66.38,Autumn
2022-09-15,S005,P0015,Toys,East,182,82,179,97.89,63.89,5,Cloudy,0,63.1,Summer
2022-01-08,S004,P0020,Groceries,West,176,59,21,71.18,30.67,15,Sunny,1,25.88,Spring
2022-02-23,S003,P0006,Groceries,West,246,211,114,215.67,57.73,10,Snowy,0,56.35,Spring
2023-08-02,S005,P0020,Groceries,South,72,11,89,7.7,61.05,15,Rainy,0,57.86,Spring
2023-12-05,S005,P0001,Toys,North,79,8,117,20.47,95.71,15,Cloudy,1,90.96,Autumn
2022-04-03,S004,P0004,Electronics,East,486,120,34,113.25,49.17,0,Snowy,0,49.08,Winter
2022-09-15,S001,P0019,Groceries,West,286,209,193,218.39,33.33,0,Snowy,0,35.1,Summer
2023-09-23,S005,P0015,Groceries,South,234,69,94,66.54,54.68,15,Rainy,0,57.87,Autumn
2022-10-04,S004,P0008,Clothing,South,444,326,118,335.53,84.51,0,Snowy,1,80.89,Autumn
2022-12-16,S002,P0019,Toys,East,455,321,102,318.54,54.34,10,Rainy,0,51.48,Spring
2023-07-25,S005,P0003,Groceries,West,279,59,71,55.15,65.55,15,Snowy,1,62.52,Autumn
2022-06-03,S002,P0004,Electronics,West,457,428,29,425.81,93.12,10,Cloudy,0,97.74,Winter
2023-01-11,S002,P0002,Toys,East,247,125,117,135.66,81.21,0,Sunny,1,82.26,Autumn
2023-03-18,S003,P0011,Clothing,East,182,130,58,133.84,46.24,10,Rainy,1,44.43,Winter
2023-05-04,S001,P0015,Groceries,North,337,268,153,275.23,62.31,10,Snowy,1,65.28,Autumn
2023-08-12,S003,P0016,Electronics,North,155,80,188,89.23,81.95,0,Rainy,1,86.8,Spring
2023-11-19,S001,P0019,Clothing,West,235,164,42,181.77,45.29,5,Sunny,0,41.01,Winter
2022-12-11,S001,P0013,Furniture,West,466,342,76,341.31,69.55,10,Rainy,1,73.96,Winter
2023-06-24,S005,P0006,Toys,West,159,33,83,39.1,96.05,5,Sunny,0,97.0,Winter
2023-09-21,S005,P0007,Groceries,West,363,130,193,139.51,15.23,20,Cloudy,0,11.04,Winter
2022-01-30,S003,P0002,Furniture,West,102,99,54,89.84,74.44,10,Rainy,1,73.0,Autumn
2023-04-29,S003,P0004,Toys,North,157,78,116,82.99,16.31,10,Rainy,1,20.36,Winter
2022-07-29,S003,P0020,Electronics,East,221,94,180,86.02,74.95,15,Cloudy,0,70.42,Summer
2023-05-01,S004,P0017,Electronics,South,225,151,179,157.61,16.9,15,Snowy,0,16.11,Summer
2023-06-26,S005,P0018,Toys,North,262,242,85,242.98,52.47,15,Cloudy,0,54.77,Spring
2023-03-21,S001,P0013,Clothing,West,283,14,107,15.55,80.17,10,Sunny,1,83.21,Summer
2023-10-29,S003,P0008,Furniture,East,242,95,115,109.12,18.85,0,Cloudy,0,20.84,Winter
2022-11-01,S004,P0008,Groceries,North,433,75,107,92.97,98.51,10,Rainy,1,102.54,Winter
2022-08-13,S003,P0017,Toys,West,306,113,67,130.13,24.26,20,Snowy,1,27.12,Summer
2022-10-08,S003,P0008,Furniture,South,51,1,162,5.37,95.6,15,Rainy,1,93.06,Summer
2022-08-13,S001,P0009,Electronics,East,137,20,121,25.16,92.72,5,Rainy,1,88.56,Summer
2023-05-20,S003,P0019,Groceries,East,326,306,50,299.24,80.39,5,Sunny,1,77.57,Summer
2022-01-23,S005,P0020,Toys,North,104,92,116,96.78,11.87,0,Rainy,0,8.5,Winter
2023-05-07,S002,P0015,Groceries,South,359,81,44,91.4,58.26,5,Sunny,0,61.64,Winter
2023-11-05,S003,P0002,Toys,North,244,74,147,81.88,63.69,20,Sunny,1,66.4,Autumn
2023-04-18,S002,P0007,Toys,North,85,76,31,94.0,52.57,5,Snowy,1,57.54,Summer
2023-10-21,S003,P0013,Clothing,East,397,224,122,240.6,75.55,15,Cloudy,1,75.18,Winter
2022-03-10,S004,P0016,Furniture,South,390,185,148,183.74,53.52,0,Rainy,1,50.1,Spring
2022-03-09,S002,P0017,Toys,South,220,138,81,136.79,23.59,5,Cloudy,1,19.79,Summer
2023-10-31,S005,P0009,Electronics,North,196,91,126,99.03,34.96,15,Sunny,1,33.35,Summer
2023-01-17,S001,P0010,Groceries,East,468,269,54,269.02,39.09,15,Cloudy,1,36.15,Winter
2022-01-02,S002,P0008,Electronics,North,241,42,187,46.32,14.8,15,Sunny,1,13.94,Spring
2022-07-25,S005,P0010,Electronics,West,433,63,126,53.62,77.84,5,Rainy,1,77.45,Autumn
2023-06-04,S001,P0017,Furniture,North,177,59,91,78.25,23.52,10,Sunny,1,23.92,Autumn
2022-04-15,S002,P0005,Groceries,South,312,152,137,155.35,42.18,5,Rainy,1,43.39,Summer
2024-01-01,S001,P0016,Electronics,East,74,13,189,27.53,40.61,10,Cloudy,1,35.76,Summer
2022-10-02,S001,P0004,Groceries,East,442,83,164,85.18,43.87,5,Rainy,0,41.11,Spring
2023-05-25,S004,P0017,Toys,East,97,67,158,61.8,50.35,15,Sunny,1,54.16,Spring
2022-08-15,S001,P0001,Groceries,South,187,156,51,150.99,95.07,10,Sunny,0,92.8,Spring
2022-05-01,S002,P0019,Clothing,North,422,41,31,45.05,67.76,20,Cloudy,0,69.86,Summer
2022-07-02,S004,P0016,Electronics,North,378,160,164,168.04,77.51,15,Rainy,1,81.34,Summer
2022-08-27,S002,P0020,Groceries,East,464,223,118,232.12,48.18,15,Sunny,1,48.6,Autumn
2023-03-10,S003,P0008,Clothing,South,302,250,199,243.6,83.22,15,Cloudy,1,82.0,Autumn
2022-09-05,S004,P0014,Electronics,East,61,33,63,33.02,82.24,15,Snowy,0,77.93,Winter
2022-05-28,S003,P0013,Furniture,North,61,33,45,45.78,59.99,15,Cloudy,0,63.57,Autumn
2023-03-23,S001,P0007,Clothing,West,258,41,85,39.94,89.78,10,Snowy,0,88.46,Spring
2023-05-21,S002,P0013,Clothing,West,250,100,46,106.66,24.49,10,Snowy,1,26.32,Summer
2022-10-14,S005,P0012,Electronics,North,498,410,76,402.64,74.41,0,Snowy,1,78.11,Spring
2022-03-11,S005,P0006,Toys,East,268,75,165,72.62,76.4,20,Rainy,1,77.84,Spring
2023-06-15,S001,P0001,Groceries,West,227,67,128,86.99,35.35,0,Snowy,0,32.11,Autumn
2023-06-08,S003,P0007,Electronics,South,311,190,46,209.0,79.51,0,Snowy,1,83.1,Spring
2023-05-16,S003,P0013,Clothing,North,185,76,95,92.93,79.55,15,Rainy,1,80.09,Spring
2022-04-25,S003,P0016,Groceries,West,220,87,30,101.74,25.45,20,Sunny,1,21.68,Winter
2023-08-25,S005,P0020,Toys,East,101,54,180,52.94,60.98,20,Snowy,1,62.44,Spring
2022-04-20,S003,P0008,Furniture,North,85,56,182,50.17,81.21,15,Snowy,1,77.45,Winter
2023-07-22,S005,P0002,Furniture,East,485,197,94,209.13,76.94,10,Snowy,1,77.53,Summer
2022-02-24,S005,P0012,Clothing,South,282,136,92,155.3,84.55,0,Cloudy,1,79.84,Summer
2022-01-25,S005,P0015,Groceries,North,464,188,182,181.15,80.33,20,Snowy,1,75.98,Spring
2024-01-01,S002,P0018,Groceries,East,151,30,147,33.33,32.84,10,Snowy,1,36.35,Spring
2023-04-06,S001,P0002,Electronics,North,500,47,169,56.11,19.01,0,Rainy,1,16.09,Winter
2023-07-30,S003,P0019,Groceries,South,320,88,29,94.32,92.8,10,Rainy,1,95.99,Summer
2023-06-16,S004,P0001,Toys,North,295,175,187,173.53,17.57,5,Rainy,1,13.05,Summer
2022-05-12,S002,P0003,Furniture,East,182,99,39,98.13,53.42,5,Rainy,0,57.65,Summer
2022-12-19,S004,P0004,Furniture,West,261,79,72,71.2,45.93,10,Snowy,0,50.81,Summer
2022-12-20,S005,P0018,Clothing,South,147,69,148,79.59,60.58,10,Cloudy,1,57.6,Spring
2023-09-06,S002,P0017,Furniture,North,430,132,146,145.34,42.29,20,Snowy,1,40.54,Summer
2022-01-05,S005,P0005,Toys,West,299,79,117,97.08,49.08,5,Rainy,0,45.5,Spring
2023-01-14,S003,P0015,Electronics,East,319,285,100,294.14,22.92,5,Rainy,1,18.32,Autumn
2022-04-02,S002,P0016,Electronics,North,164,21,184,25.82,85.6,10,Cloudy,1,86.35,Winter
2023-05-30,S003,P0008,Toys,West,336,33,168,51.33,39.59,10,Sunny,0,37.77,Spring
2022-01-11,S005,P0011,Furniture,North,183,117,148,135.3,86.62,15,Snowy,0,89.33,Autumn
2023-04-09,S003,P0012,Furniture,East,248,25,52,30.17,69.31,20,Cloudy,0,66.99,Spring
2022-05-23,S004,P0017,Clothing,South,122,28,53,21.91,48.24,15,Snowy,0,46.17,Spring
2022-05-04,S003,P0018,Electronics,South,188,66,36,65.06,56.89,10,Cloudy,1,58.54,Summer
2022-04-15,S003,P0006,Electronics,East,439,422,27,430.61,89.94,20,Rainy,1,90.98,Autumn
2023-03-04,S001,P0016,Electronics,East,340,142,33,153.73,78.48,5,Cloudy,1,82.17,Summer
2023-02-06,S002,P0016,Electronics,West,414,295,168,296.74,83.87,15,Cloudy,0,82.28,Summer
2022-05-16,S003,P0003,Electronics,North,457,370,81,383.64,89.37,15,Snowy,0,89.44,Winter
2023-12-28,S004,P0007,Furniture,North,460,337,27,353.54,74.51,0,Cloudy,0,79.14,Autumn
2022-03-31,S001,P0010,Furniture,South,343,25,91,27.03,80.1,20,Cloudy,0,80.02,Summer
2023-04-26,S001,P0019,Furniture,South,289,258,25,267.03,16.81,5,Sunny,0,17.42,Spring
2022-01-17,S005,P0017,Groceries,South,325,173,93,172.69,82.4,15,Sunny,1,83.36,Autumn
2023-09-04,S001,P0004,Electronics,South,302,283,118,293.42,69.63,10,Cloudy,1,71.94,Spring
2022-04-07,S002,P0015,Groceries,West,442,189,86,205.51,55.14,10,Sunny,0,56.2,Summer
2023-04-18,S003,P0001,Electronics,South,499,35,20,45.28,86.22,15,Cloudy,0,83.45,Winter
2022-07-07,S001,P0017,Clothing,West,224,151,131,158.35,77.86,15,Cloudy,0,80.98,Summer
2022-09-06,S002,P0006,Furniture,North,446,306,82,325.08,46.53,0,Cloudy,0,44.42,Spring
2023-11-28,S001,P0002,Groceries,South,250,40,56,56.45,64.76,15,Sunny,0,66.15,Winter
2023-07-29,S005,P0003,Toys,South,248,184,29,193.0,12.02,15,Cloudy,1,12.14,Winter
2023-11-01,S005,P0014,Groceries,North,184,118,152,128.68,29.07,5,Sunny,1,34.0,Summer
2022-12-29,S002,P0004,Groceries,East,144,59,49,72.6,46.65,5,Rainy,1,47.72,Autumn
2023-04-10,S001,P0017,Clothing,South,362,82,50,95.73,85.77,10,Snowy,1,88.18,Autumn
2022-12-17,S005,P0020,Electronics,West,299,103,81,103.76,96.49,20,Rainy,0,100.42,Spring
2022-09-21,S001,P0011,Electronics,North,438,117,39,116.59,60.99,0,Cloudy,0,57.14,Summer
2023-06-13,S004,P0002,Clothing,West,499,314,53,313.31,19.19,0,Rainy,0,21.8,Summer
2023-11-01,S003,P0006,Groceries,North,492,267,124,265.51,49.22,20,Sunny,1,50.16,Autumn
2023-06-26,S003,P0011,Electronics,South,133,61,115,57.07,98.25,20,Snowy,1,100.12,Winter
2022-02-20,S003,P0009,Toys,West,237,120,103,118.4,56.33,20,Sunny,1,52.66,Summer
2022-03-10,S002,P0018,Toys,South,273,68,122,62.4,66.42,15,Rainy,1,61.66,Summer
2023-08-05,S003,P0007,Electronics,North,352,222,198,234.31,99.53,0,Sunny,0,95.76,Summer
2022-12-26,S002,P0003,Toys,North,312,263,125,276.77,58.71,10,Snowy,1,55.9,Summer
2023-06-16,S003,P0011,Furniture,East,417,382,93,396.68,96.71,15,Snowy,1,100.34,Autumn
2023-12-14,S002,P0015,Furniture,North,290,67,186,85.89,20.69,20,Cloudy,0,20.13,Autumn
2022-04-28,S003,P0012,Furniture,North,329,98,123,105.58,65.46,20,Snowy,1,64.22,Winter
2023-09-08,S001,P0001,Electronics,East,51,25,89,31.97,70.26,0,Rainy,1,70.01,Summer
2023-09-07,S004,P0007,Furniture,West,55,12,78,14.96,44.06,0,Rainy,1,42.68,Autumn
2022-08-28,S005,P0007,Clothing,East,301,101,200,113.94,13.95,20,Cloudy,0,10.03,Summer
2023-03-26,S005,P0002,Furniture,North,406,220,83,212.0,99.99,20,Rainy,0,97.16,Spring
2022-12-30,S001,P0014,Groceries,South,457,456,177,461.15,95.5,0,Cloudy,0,100.25,Spring
2023-08-17,S005,P0009,Clothing,North,172,64,82,77.98,97.62,0,Sunny,0,94.27,Winter
2022-06-03,S005,P0020,Groceries,South,345,243,74,247.41,55.82,5,Snowy,1,50.87,Summer
2023-10-23,S003,P0008,Clothing,East,367,77,113,68.08,29.47,0,Cloudy,0,32.08,Autumn
2023-10-13,S001,P0020,Groceries,West,58,38,84,53.27,32.44,5,Sunny,1,29.59,Spring
2022-09-13,S001,P0007,Toys,West,420,120,180,120.94,11.2,20,Rainy,1,12.93,Autumn
2022-10-26,S001,P0020,Electronics,North,152,48,128,44.85,34.39,15,Snowy,1,35.56,Summer
2023-03-14,S001,P0004,Clothing,West,134,88,151,99.03,95.1,5,Cloudy,1,94.93,Winter
2023-02-13,S002,P0011,Furniture,East,444,420,56,436.94,32.88,10,Sunny,1,34.65,Autumn
2023-04-12,S003,P0018,Electronics,North,179,134,199,143.96,66.44,5,Rainy,0,63.31,Autumn
2023-09-08,S002,P0020,Furniture,North,100,34,88,31.5,90.72,10,Rainy,1,87.28,Spring
2023-05-06,S004,P0005,Toys,East,386,333,149,327.1,84.38,20,Rainy,0,88.5,Summer
2023-02-21,S005,P0017,Groceries,North,349,86,33,80.94,50.34,20,Cloudy,0,45.54,Autumn
2022-08-12,S004,P0013,Electronics,West,500,127,97,117.05,11.67,0,Rainy,1,15.14,Winter
2023-05-01,S004,P0018,Furniture,North,400,184,89,197.65,71.1,0,Snowy,0,68.04,Spring
2023-05-07,S002,P0013,Clothing,West,141,108,93,125.2,71.32,10,Rainy,0,72.05,Autumn
2022-09-06,S004,P0017,Groceries,South,391,144,176,152.0,17.37,20,Sunny,1,18.39,Summer
2023-09-28,S003,P0019,Electronics,North,409,217,124,229.28,15.55,20,Snowy,1,16.68,Winter
2022-03-13,S004,P0008,Toys,West,413,235,67,252.88,32.65,10,Sunny,0,31.86,Winter
2023-11-10,S003,P0009,Furniture,West,281,61,68,72.85,16.59,15,Rainy,1,18.27,Spring
2023-01-01,S005,P0006,Groceries,North,64,63,162,68.26,33.61,15,Rainy,1,36.77,Summer
2023-08-14,S003,P0012,Clothing,East,169,76,53,87.22,30.71,10,Snowy,1,30.44,Autumn
2023-05-23,S003,P0001,Clothing,North,327,69,135,81.13,19.42,0,Rainy,1,17.09,Summer
2022-11-08,S004,P0007,Clothing,West,339,83,100,80.58,59.09,10,Snowy,1,61.03,Autumn
2022-03-01,S001,P0005,Clothing,North,442,97,125,95.35,42.75,15,Rainy,1,40.68,Summer
2022-12-29,S004,P0006,Groceries,North,367,11,131,9.08,58.48,5,Cloudy,0,55.04,Summer
2022-07-19,S002,P0008,Toys,South,65,12,62,24.5,38.46,10,Rainy,1,36.85,Summer
2022-05-12,S002,P0007,Clothing,North,483,394,153,409.1,31.66,0,Rainy,1,36.11,Spring
2023-05-03,S003,P0018,Toys,South,201,48,106,51.52,15.08,5,Rainy,0,18.4,Winter
2022-10-19,S001,P0003,Groceries,North,182,58,84,71.7,66.46,15,Cloudy,0,65.53,Summer
2023-08-28,S002,P0008,Electronics,East,379,358,153,376.09,46.39,20,Cloudy,1,43.81,Spring
2022-01-02,S001,P0015,Electronics,East,246,198,67,203.23,28.06,20,Cloudy,1,30.29,Winter
2023-11-29,S001,P0015,Furniture,South,471,107,64,111.23,90.72,20,Rainy,1,88.76,Summer
2022-04-18,S001,P0014,Toys,South,385,52,81,52.32,51.96,0,Rainy,1,54.11,Autumn
2023-02-15,S003,P0005,Electronics,East,118,16,82,7.11,63.01,5,Sunny,1,65.29,Summer
2023-09-06,S003,P0012,Toys,West,299,254,198,260.18,42.09,5,Snowy,1,44.69,Spring
2023-06-06,S004,P0017,Electronics,South,496,473,161,479.71,49.54,5,Sunny,1,54.21,Summer
2022-04-20,S003,P0019,Electronics,South,305,233,22,248.7,65.44,15,Rainy,1,66.55,Winter
2023-05-02,S005,P0001,Toys,South,399,200,132,191.14,84.89,20,Rainy,1,86.14,Winter
2023-02-04,S005,P0009,Furniture,North,209,52,65,48.37,94.06,5,Rainy,1,98.58,Winter
2023-12-08,S004,P0014,Toys,East,234,23,190,19.02,30.28,20,Sunny,1,30.96,Summer
2023-06-21,S002,P0008,Toys,West,409,0,179,-6.96,10.24,0,Cloudy,1,9.92,Spring
2022-06-21,S004,P0009,Clothing,West,111,50,191,66.31,56.86,10,Rainy,0,52.64,Summer
2022-02-07,S005,P0020,Furniture,North,183,175,190,177.54,95.38,5,Rainy,0,97.77,Winter
2023-06-19,S001,P0016,Electronics,South,328,157,134,175.12,55.86,20,Rainy,0,54.66,Winter
2023-05-16,S005,P0003,Groceries,South,277,62,173,61.82,36.48,20,Cloudy,1,32.8,Summer
2022-05-05,S002,P0012,Electronics,West,298,241,60,235.91,39.71,5,Sunny,1,43.33,Spring
2023-03-29,S005,P0005,Clothing,West,51,21,52,21.9,23.34,10,Snowy,1,26.6,Autumn
2022-08-20,S004,P0007,Groceries,West,110,85,38,77.75,67.56,15,Snowy,1,62.76,Summer
2022-10-16,S003,P0017,Electronics,East,313,124,158,142.25,37.97,15,Cloudy,1,33.89,Winter
2023-09-13,S005,P0011,Toys,West,310,59,123,64.25,54.94,15,Sunny,1,56.09,Winter
2023-05-28,S003,P0008,Furniture,South,183,133,50,124.52,78.51,15,Rainy,0,80.88,Summer
2023-01-25,S005,P0017,Toys,West,275,261,41,279.39,64.43,20,Cloudy,0,68.63,Winter
2023-06-03,S002,P0007,Groceries,North,302,7,107,7.79,64.62,20,Cloudy,1,67.01,Autumn
2022-11-22,S001,P0010,Clothing,East,206,50,121,40.04,12.58,10,Sunny,0,15.59,Autumn
2022-05-31,S001,P0014,Groceries,South,253,164,135,157.08,32.3,15,Sunny,0,27.9,Spring
2023-02-03,S002,P0003,Groceries,South,481,460,176,457.14,34.51,5,Rainy,0,30.05,Autumn
2022-07-27,S004,P0013,Groceries,South,258,243,192,252.66,78.29,10,Snowy,0,78.67,Autumn
2022-07-21,S005,P0003,Groceries,East,326,252,189,246.43,31.53,5,Rainy,0,36.49,Winter
2022-12-30,S004,P0017,Groceries,East,292,162,193,164.61,75.72,20,Cloudy,1,71.31,Spring
2023-08-01,S003,P0010,Clothing,West,225,29,197,46.25,14.59,10,Cloudy,1,15.79,Winter
2023-10-22,S004,P0009,Furniture,West,160,74,170,90.93,11.45,0,Snowy,0,9.92,Winter
2023-01-12,S005,P0013,Furniture,East,198,68,128,77.19,13.1,5,Snowy,1,9.56,Summer
2023-10-13,S004,P0014,Groceries,North,330,35,102,26.29,97.75,10,Sunny,1,94.47,Winter
2022-11-18,S001,P0011,Groceries,East,344,149,38,157.12,48.03,5,Rainy,0,45.21,Winter
2023-07-17,S002,P0012,Clothing,West,65,6,23,3.52,50.01,15,Sunny,1,48.04,Autumn
2022-12-15,S002,P0011,Toys,West,461,102,65,102.5,84.04,20,Sunny,0,80.81,Summer
2022-04-22,S002,P0014,Groceries,West,368,59,39,56.05,64.62,0,Snowy,1,63.15,Spring
2022-08-08,S002,P0016,Electronics,South,313,87,189,83.04,55.94,10,Cloudy,0,56.15,Summer
2022-06-15,S002,P0011,Furniture,East,254,155,88,168.46,35.35,15,Sunny,0,36.95,Summer
2022-08-24,S005,P0006,Toys,East,454,447,46,464.29,86.27,10,Snowy,1,89.13,Autumn
2022-03-11,S005,P0015,Furniture,West,383,260,147,268.17,74.77,15,Cloudy,1,76.96,Winter
2022-11-16,S005,P0019,Furniture,West,323,289,68,287.69,77.89,0,Rainy,1,82.71,Summer
2022-06-04,S004,P0001,Clothing,East,239,194,148,198.45,64.08,5,Snowy,1,62.06,Winter
2022-07-16,S001,P0019,Clothing,East,237,104,22,97.79,84.54,10,Sunny,1,86.24,Summer
2023-07-16,S005,P0016,Toys,West,384,310,184,316.43,94.06,15,Snowy,0,98.52,Autumn
2023-01-24,S004,P0015,Groceries,East,347,55,56,65.33,11.49,20,Cloudy,1,9.7,Spring
2022-03-20,S004,P0014,Electronics,South,137,81,56,93.24,61.94,5,Snowy,0,59.23,Autumn
2023-06-30,S003,P0008,Groceries,North,174,24,172,32.35,66.98,5,Cloudy,1,68.45,Winter
2023-03-11,S004,P0012,Electronics,West,190,7,161,10.18,17.97,20,Cloudy,0,18.82,Autumn
2023-04-12,S004,P0020,Groceries,West,265,64,192,57.72,81.63,20,Sunny,0,76.91,Summer
2022-07-26,S001,P0011,Toys,South,352,110,142,128.69,11.92,0,Cloudy,1,11.68,Spring
2023-10-04,S004,P0017,Toys,North,191,16,95,17.91,56.92,0,Cloudy,0,60.33,Summer
2022-06-28,S005,P0019,Electronics,East,259,104,138,121.16,91.93,5,Sunny,0,91.66,Summer
2023-04-28,S004,P0020,Furniture,East,88,10,117,10.99,43.21,20,Rainy,0,38.53,Spring
2022-07-19,S002,P0003,Clothing,East,110,2,29,17.57,17.17,0,Snowy,0,18.78,Summer
2023-01-02,S005,P0019,Electronics,North,359,222,117,230.73,67.92,20,Snowy,0,68.23,Summer
2023-08-27,S005,P0006,Toys,South,87,15,103,23.07,96.24,10,Snowy,1,92.43,Summer
2023-02-12,S001,P0006,Clothing,West,62,47,23,41.6,30.73,20,Cloudy,1,34.2,Autumn
2022-06-20,S005,P0016,Toys,West,478,391,182,389.57,62.35,0,Cloudy,1,61.28,Summer
2023-07-05,S001,P0016,Electronics,North,140,123,79,127.94,59.63,10,Cloudy,1,58.93,Autumn
2023-11-20,S004,P0001,Clothing,North,286,128,28,134.7,94.94,10,Rainy,1,98.96,Winter
2023-10-26,S003,P0011,Furniture,East,376,372,150,384.7,53.9,5,Snowy,0,57.22,Spring
2022-08-14,S004,P0002,Toys,East,455,266,25,284.11,85.51,0,Sunny,0,86.65,Winter
2022-04-12,S002,P0019,Toys,North,63,25,188,15.35,64.7,5,Rainy,0,64.66,Autumn
2022-11-15,S001,P0001,Toys,South,172,24,107,18.85,62.9,20,Rainy,0,63.16,Autumn
2023-07-30,S004,P0004,Furniture,East,389,187,117,204.14,76.53,0,Rainy,0,75.37,Spring
2023-12-06,S004,P0009,Clothing,North,444,441,199,441.32,42.85,5,Snowy,1,39.65,Spring
2023-06-29,S001,P0009,Toys,East,368,337,158,339.22,11.7,0,Cloudy,1,14.87,Winter
2023-11-01,S001,P0009,Clothing,North,323,132,189,144.37,77.35,15,Cloudy,1,74.87,Spring
2022-10-12,S005,P0018,Toys,East,291,77,23,77.6,30.93,0,Rainy,1,28.35,Winter
2022-01-09,S002,P0012,Electronics,South,201,45,141,44.15,51.28,5,Cloudy,0,49.5,Spring
2023-09-05,S005,P0010,Groceries,West,284,98,117,110.0,70.8,0,Cloudy,0,74.36,Summer
2022-07-13,S004,P0014,Toys,North,207,41,59,60.41,71.14,10,Cloudy,0,72.76,Autumn
2023-06-23,S003,P0005,Toys,North,244,88,196,82.15,84.51,15,Snowy,1,81.68,Summer
2023-01-13,S002,P0005,Groceries,West,266,123,51,139.66,17.49,5,Cloudy,0,17.95,Autumn
2023-11-22,S003,P0004,Groceries,West,300,123,134,131.17,22.4,0,Cloudy,0,20.92,Spring
2023-11-05,S004,P0012,Clothing,West,99,66,114,76.14,91.37,5,Sunny,1,93.67,Summer
2022-08-24,S002,P0010,Electronics,West,379,318,79,315.27,17.89,15,Rainy,1,20.32,Spring
2022-09-01,S004,P0008,Clothing,North,246,65,171,73.91,19.47,10,Rainy,0,20.5,Spring
2022-11-21,S005,P0006,Toys,South,284,219,134,232.58,84.49,10,Cloudy,1,87.8,Summer
2023-04-26,S003,P0003,Groceries,West,166,66,185,76.53,74.77,0,Cloudy,0,76.17,Autumn
2023-11-30,S002,P0002,Clothing,East,480,369,83,388.76,81.77,0,Snowy,1,82.16,Winter
2023-02-25,S002,P0011,Clothing,East,62,14,166,23.69,89.71,10,Snowy,1,87.47,Spring
2023-07-22,S004,P0019,Furniture,East,228,214,93,225.33,14.55,0,Snowy,0,18.51,Winter
2022-08-26,S002,P0020,Groceries,West,117,38,176,40.86,13.73,0,Cloudy,0,10.8,Autumn
2022-08-03,S003,P0006,Groceries,North,187,148,124,150.46,29.79,10,Rainy,0,34.5,Summer
2022-11-17,S004,P0007,Groceries,South,195,110,69,106.6,25.81,5,Sunny,0,29.53,Winter
2023-12-08,S004,P0010,Electronics,West,236,182,51,181.12,15.18,20,Sunny,1,13.09,Spring
2022-06-07,S004,P0002,Furniture,South,401,306,53,309.53,32.28,15,Cloudy,0,28.68,Winter
2023-05-01,S003,P0019,Clothing,South,231,85,167,90.06,99.14,10,Snowy,0,103.22,Summer
2022-11-30,S001,P0020,Toys,West,382,26,30,18.51,36.6,15,Sunny,1,40.22,Winter
2022-02-28,S003,P0004,Toys,North,323,295,123,311.6,64.49,5,Sunny,0,65.91,Summer
2022-04-30,S004,P0019,Toys,North,402,160,192,162.76,78.54,0,Snowy,0,77.34,Winter
2022-11-04,S001,P0009,Groceries,East,466,75,164,89.77,94.64,0,Sunny,1,90.03,Winter
2023-03-14,S004,P0004,Electronics,West,375,28,171,32.0,89.2,15,Snowy,1,93.72,Winter
2022-05-11,S002,P0019,Furniture,North,299,157,24,168.93,14.1,15,Rainy,1,14.57,Spring
2023-03-01,S004,P0016,Groceries,West,315,32,152,51.03,15.84,0,Rainy,1,20.31,Spring
2022-12-29,S003,P0017,Electronics,East,240,50,167,51.0,14.13,15,Cloudy,0,18.64,Spring
2022-10-05,S002,P0016,Groceries,South,292,69,150,80.46,47.85,20,Rainy,1,48.2,Spring
2023-05-30,S002,P0006,Clothing,West,378,343,21,337.59,12.11,20,Sunny,1,7.61,Autumn
2023-03-23,S002,P0012,Electronics,East,236,185,156,191.85,47.32,10,Sunny,0,45.73,Summer
2023-02-27,S005,P0019,Clothing,South,89,77,64,72.2,33.16,15,Sunny,0,33.83,Autumn
2023-09-12,S004,P0010,Furniture,South,141,9,49,17.33,42.53,15,Rainy,0,40.45,Spring
2022-10-22,S003,P0012,Furniture,North,164,115,56,127.22,46.96,15,Rainy,0,43.53,Summer
2022-11-03,S005,P0002,Furniture,North,73,72,122,84.05,14.13,20,Snowy,0,14.26,Spring
2022-05-27,S005,P0003,Electronics,North,211,170,24,183.55,71.18,15,Rainy,1,72.89,Autumn
2022-06-05,S003,P0011,Furniture,West,443,170,87,176.99,52.54,10,Cloudy,0,55.08,Winter
2023-12-26,S003,P0005,Clothing,North,486,257,177,274.47,51.74,20,Sunny,1,48.19,Autumn
2023-09-19,S002,P0009,Clothing,East,235,231,62,221.09,39.69,20,Snowy,0,39.93,Autumn
2023-05-07,S001,P0002,Electronics,South,432,264,68,257.86,87.5,10,Rainy,1,85.18,Summer
2023-05-13,S004,P0005,Furniture,North,121,66,165,76.8,88.5,0,Rainy,1,83.86,Winter
2023-09-20,S005,P0019,Clothing,West,278,71,176,75.73,85.75,20,Rainy,1,87.61,Summer
2023-08-18,S004,P0020,Furniture,West,462,46,179,65.26,27.29,0,Cloudy,0,29.72,Spring
2022-08-15,S003,P0013,Toys,East,379,154,41,145.8,99.02,20,Sunny,0,95.79,Autumn
2023-02-18,S002,P0012,Groceries,North,74,52,28,68.16,45.79,5,Rainy,0,42.0,Spring
2022-06-10,S001,P0010,Toys,North,495,126,87,122.83,39.5,20,Sunny,0,39.8,Autumn
2023-06-16,S004,P0010,Furniture,North,160,34,132,47.66,21.29,15,Rainy,0,19.43,Winter
2022-01-16,S005,P0004,Electronics,West,68,29,63,31.19,13.62,10,Rainy,1,17.24,Summer
2023-09-06,S004,P0018,Electronics,North,298,173,33,190.69,48.04,5,Sunny,0,47.5,Summer
2023-10-22,S003,P0020,Groceries,East,245,83,68,95.12,68.6,20,Rainy,0,64.2,Autumn
2023-01-15,S002,P0004,Electronics,West,136,101,129,99.85,43.35,5,Snowy,1,45.91,Autumn
2023-04-19,S002,P0006,Clothing,East,116,34,161,38.62,90.49,10,Sunny,0,92.92,Spring
2022-08-24,S001,P0017,Toys,North,351,252,34,248.05,22.83,5,Rainy,1,20.36,Spring
2023-08-30,S003,P0018,Clothing,East,191,159,193,149.2,37.74,10,Snowy,0,34.65,Winter
2023-05-11,S003,P0016,Toys,West,294,230,95,222.12,60.61,20,Snowy,0,64.98,Autumn
2023-10-15,S001,P0006,Electronics,West,257,198,22,194.22,94.54,15,Snowy,1,96.81,Autumn
2022-12-10,S002,P0003,Clothing,East,167,136,53,148.87,87.41,5,Cloudy,0,88.21,Autumn
2022-01-26,S005,P0013,Toys,East,253,26,85,32.16,33.97,5,Snowy,0,38.58,Spring
2023-11-19,S005,P0014,Clothing,South,373,184,27,197.47,75.05,15,Rainy,0,73.47,Summer
2023-05-10,S002,P0011,Furniture,West,92,18,92,33.32,13.85,5,Snowy,1,12.39,Spring
2023-01-30,S001,P0019,Electronics,West,328,322,140,333.84,44.26,15,Cloudy,1,46.3,Summer
2022-01-23,S005,P0007,Electronics,West,154,22,94,12.53,53.43,5,Cloudy,1,55.85,Summer
2023-03-25,S003,P0002,Electronics,West,373,215,59,230.95,87.18,20,Cloudy,1,92.15,Winter
2023-05-13,S003,P0001,Toys,East,118,102,172,113.1,28.92,0,Cloudy,0,28.3,Autumn
2023-06-10,S003,P0010,Toys,North,94,19,81,24.62,29.19,15,Rainy,1,29.51,Summer
2022-01-07,S003,P0013,Groceries,South,244,59,158,58.25,18.4,5,Sunny,1,16.55,Autumn
2023-05-04,S003,P0019,Groceries,East,133,82,107,84.77,52.49,15,Sunny,0,48.65,Autumn
2023-02-01,S003,P0017,Furniture,North,174,154,42,159.52,64.2,10,Sunny,0,67.92,Summer
2022-01-28,S004,P0017,Electronics,South,463,385,61,399.81,84.36,10,Cloudy,1,85.56,Autumn
2023-10-05,S001,P0018,Electronics,North,122,89,115,98.62,42.26,10,Snowy,0,41.9,Summer
2023-09-04,S005,P0001,Groceries,West,63,44,41,57.15,13.36,5,Sunny,0,17.39,Spring
2022-09-28,S001,P0002,Clothing,North,421,260,53,258.72,55.57,10,Cloudy,1,59.93,Autumn
2023-08-16,S002,P0020,Furniture,South,397,55,105,55.02,11.67,0,Snowy,1,10.81,Winter
2022-02-18,S003,P0020,Electronics,South,291,110,41,109.0,94.48,20,Cloudy,1,98.0,Winter
2022-04-26,S003,P0011,Toys,West,163,82,45,95.06,68.37,20,Snowy,1,67.25,Autumn
2023-05-09,S001,P0003,Toys,South,399,284,96,293.8,43.27,20,Snowy,0,46.71,Autumn
2022-07-27,S004,P0018,Toys,East,307,96,83,101.99,18.24,20,Sunny,0,14.41,Spring
2023-04-21,S003,P0006,Toys,East,435,414,31,418.52,99.32,5,Cloudy,1,95.01,Autumn
2023-01-03,S001,P0004,Furniture,North,203,168,155,187.29,72.77,0,Sunny,0,68.14,Summer
2022-10-29,S003,P0014,Clothing,North,379,227,32,229.64,25.5,20,Rainy,0,20.6,Summer
2023-08-23,S002,P0015,Electronics,South,396,171,148,161.36,39.3,10,Sunny,0,37.51,Spring
2022-08-08,S005,P0016,Groceries,East,233,13,161,22.26,64.21,20,Rainy,0,67.3,Spring
2022-07-13,S005,P0014,Clothing,West,376,335,98,346.79,78.14,5,Cloudy,0,82.3,Summer
2022-09-20,S002,P0017,Clothing,West,262,41,26,50.66,14.67,5,Rainy,1,16.5,Winter
2022-05-16,S003,P0001,Clothing,West,321,244,29,260.43,14.61,5,Cloudy,1,12.04,Spring
2022-05-27,S005,P0018,Electronics,North,380,275,156,276.43,16.24,5,Sunny,1,13.6,Winter
2023-01-19,S002,P0013,Groceries,South,221,134,61,137.09,19.8,5,Rainy,0,15.84,Winter
2022-05-29,S003,P0009,Groceries,North,142,75,30,73.12,16.83,5,Cloudy,1,18.43,Spring
2023-12-05,S005,P0007,Furniture,North,310,196,186,207.72,66.3,20,Sunny,1,62.51,Winter
2023-02-09,S004,P0008,Groceries,North,94,25,84,16.9,22.0,20,Rainy,0,22.71,Summer
2022-08-12,S005,P0017,Electronics,East,240,134,117,150.22,82.06,20,Rainy,0,77.17,Summer
2023-03-25,S001,P0006,Toys,North,349,282,78,287.2,75.04,10,Cloudy,1,72.09,Spring
2022-11-10,S001,P0003,Furniture,North,392,32,123,46.22,28.68,20,Snowy,1,26.1,Spring
2023-06-28,S004,P0005,Electronics,West,421,221,81,218.38,22.39,0,Cloudy,1,25.22,Autumn
2022-04-01,S002,P0011,Groceries,South,379,45,108,41.89,90.26,10,Sunny,0,88.21,Autumn
2023-03-26,S005,P0005,Furniture,South,252,149,108,157.37,10.05,20,Rainy,0,7.13,Winter
2022-09-27,S003,P0006,Electronics,West,213,147,102,155.99,82.23,10,Snowy,1,79.37,Summer
2023-06-23,S005,P0014,Groceries,East,351,154,77,172.26,60.6,15,Rainy,1,61.29,Spring
2022-06-04,S002,P0016,Groceries,South,176,21,168,12.87,69.87,5,Snowy,1,73.22,Spring
2022-01-16,S001,P0019,Clothing,East,336,249,114,268.34,83.62,15,Snowy,0,80.02,Autumn
2022-07-05,S004,P0004,Toys,North,98,54,37,50.05,34.72,0,Rainy,1,35.87,Winter
2022-06-19,S005,P0014,Furniture,East,435,156,27,165.25,30.7,15,Rainy,1,27.8,Winter
2023-01-20,S005,P0017,Groceries,West,324,251,163,244.07,64.53,15,Sunny,1,60.56,Winter
2022-11-28,S005,P0017,Groceries,South,118,84,198,98.39,83.19,5,Rainy,0,81.93,Autumn
2023-07-25,S001,P0012,Electronics,North,129,90,191,107.23,43.98,15,Rainy,1,41.56,Winter
2022-09-28,S003,P0008,Electronics,North,389,347,62,366.34,61.69,5,Sunny,1,61.67,Autumn
2023-05-26,S003,P0020,Electronics,North,147,130,71,122.52,29.27,15,Snowy,0,33.33,Spring
2023-12-16,S004,P0007,Electronics,South,493,353,166,344.93,73.6,10,Sunny,0,73.09,Summer
2022-05-03,S003,P0013,Toys,West,221,150,183,162.55,76.65,0,Cloudy,1,81.03,Autumn
2022-09-10,S001,P0012,Clothing,South,429,248,110,248.3,43.2,5,Cloudy,1,46.12,Winter
2022-07-13,S002,P0015,Clothing,North,66,27,72,37.98,16.93,0,Snowy,0,21.81,Autumn
2022-03-11,S003,P0007,Electronics,East,218,121,198,125.12,50.08,5,Snowy,0,51.5,Winter
2022-04-02,S002,P0001,Toys,North,290,129,45,122.05,21.56,15,Rainy,1,25.71,Summer
2023-02-06,S004,P0006,Clothing,South,164,118,155,122.78,60.03,0,Rainy,1,57.39,Autumn
2022-08-03,S005,P0020,Electronics,West,338,4,115,3.73,72.81,10,Rainy,1,75.65,Autumn
2023-08-11,S005,P0008,Toys,North,461,31,144,34.87,50.25,15,Sunny,1,54.18,Autumn
2022-10-02,S001,P0005,Furniture,East,88,12,37,22.06,54.87,10,Rainy,0,52.95,Autumn
2022-04-29,S002,P0016,Electronics,South,143,2,184,16.03,41.67,0,Rainy,1,38.89,Summer
2023-10-22,S002,P0006,Groceries,West,111,102,21,95.68,34.12,10,Snowy,0,35.25,Winter
2023-05-27,S003,P0016,Toys,East,420,369,177,374.8,66.62,10,Cloudy,1,67.27,Winter
2023-11-07,S001,P0005,Toys,South,72,63,171,65.79,58.56,5,Cloudy,1,57.22,Spring
2023-10-28,S002,P0015,Furniture,West,362,199,137,196.89,91.96,5,Cloudy,0,95.36,Spring
2023-04-04,S001,P0012,Clothing,North,358,72,192,63.17,98.4,0,Sunny,0,99.89,Spring
2023-10-19,S004,P0011,Toys,East,158,3,188,11.33,84.7,10,Snowy,1,84.26,Autumn
2022-02-01,S004,P0014,Toys,South,293,280,24,271.66,67.82,20,Snowy,0,69.17,Autumn
2023-06-25,S001,P0020,Groceries,East,62,1,31,-6.33,20.04,20,Rainy,1,15.66,Spring
2023-07-07,S005,P0008,Clothing,West,105,20,35,32.77,56.28,0,Sunny,0,58.86,Summer
2022-11-14,S005,P0014,Groceries,North,143,22,26,26.48,35.09,5,Snowy,0,34.7,Winter
2022-10-09,S001,P0001,Groceries,South,91,52,108,57.7,80.46,20,Rainy,0,83.16,Summer
2023-03-30,S002,P0005,Furniture,West,211,83,135,75.45,92.13,15,Cloudy,0,93.1,Spring
2023-06-14,S005,P0007,Furniture,West,220,82,156,92.2,83.98,15,Snowy,1,86.77,Spring
2023-04-30,S001,P0011,Toys,South,210,2,144,19.32,98.86,5,Rainy,0,97.33,Winter
2023-10-09,S003,P0008,Furniture,North,90,12,20,26.78,68.52,10,Rainy,1,65.54,Autumn
2022-06-07,S001,P0004,Furniture,East,345,188,65,183.94,95.5,10,Snowy,0,92.88,Spring
2022-11-05,S003,P0014,Clothing,East,170,110,78,103.19,35.0,5,Snowy,1,37.34,Winter
2022-11-15,S005,P0003,Furniture,East,157,78,87,95.32,88.16,0,Sunny,1,86.61,Spring
2023-06-17,S005,P0020,Groceries,North,386,156,200,160.9,33.93,10,Cloudy,1,38.23,Winter
2023-07-28,S004,P0012,Clothing,North,449,404,74,408.27,74.29,0,Rainy,1,77.59,Autumn
2023-08-03,S001,P0018,Toys,East,330,243,100,235.34,53.98,10,Cloudy,0,58.73,Autumn
2023-07-14,S003,P0003,Toys,East,320,173,88,167.09,89.53,15,Rainy,1,87.93,Autumn
2022-11-26,S001,P0003,Furniture,East,233,132,157,145.78,64.56,20,Cloudy,0,60.84,Winter
2023-04-20,S003,P0003,Furniture,South,339,247,190,258.24,94.31,20,Rainy,1,92.01,Winter
2023-08-08,S001,P0004,Toys,South,88,27,121,23.42,10.8,5,Sunny,0,10.19,Spring
2022-11-24,S001,P0008,Furniture,East,148,16,153,31.6,25.63,5,Sunny,0,22.02,Winter
2023-03-29,S005,P0014,Toys,South,224,37,154,47.57,98.72,15,Sunny,0,103.42,Winter
2023-11-06,S001,P0009,Groceries,South,205,93,94,102.84,59.53,5,Sunny,1,61.68,Autumn
2023-12-12,S004,P0005,Toys,South,243,51,199,68.13,71.5,5,Snowy,1,69.08,Summer
2023-12-30,S004,P0018,Clothing,East,391,171,85,171.91,48.96,0,Rainy,1,49.45,Spring
2023-09-14,S005,P0014,Clothing,West,484,446,100,436.64,92.55,10,Snowy,0,96.01,Winter
2022-09-07,S002,P0005,Furniture,North,183,14,41,17.01,99.19,20,Rainy,0,102.34,Winter
2023-09-02,S001,P0016,Furniture,East,425,38,188,44.36,64.2,0,Snowy,1,63.28,Spring
2022-04-27,S002,P0003,Electronics,South,228,138,59,138.32,68.66,15,Sunny,0,67.85,Winter
2022-04-07,S005,P0020,Toys,North,471,412,39,424.94,51.0,15,Rainy,0,55.21,Winter
2023-02-20,S002,P0010,Electronics,South,203,157,22,150.31,58.68,5,Cloudy,1,58.95,Spring
2023-08-24,S002,P0014,Clothing,South,469,332,113,338.01,23.7,0,Sunny,1,19.81,Autumn
2022-06-20,S002,P0007,Furniture,West,86,14,58,9.83,57.78,20,Sunny,1,54.27,Summer
2022-03-06,S003,P0012,Toys,West,483,416,87,433.38,34.13,10,Sunny,0,31.54,Spring
2023-01-13,S003,P0011,Clothing,South,481,415,78,424.56,79.02,5,Snowy,1,76.34,Summer
2022-04-03,S004,P0007,Groceries,South,292,242,49,237.84,10.79,15,Cloudy,1,15.48,Summer
2023-11-21,S004,P0020,Clothing,South,124,31,114,32.58,12.07,15,Snowy,1,12.03,Winter
2023-11-09,S002,P0017,Furniture,South,263,245,64,252.97,25.44,5,Snowy,1,25.21,Winter
2022-11-05,S002,P0003,Clothing,East,305,150,157,146.17,12.17,15,Snowy,1,15.76,Autumn
2023-08-23,S001,P0005,Groceries,West,499,179,188,192.22,70.82,5,Rainy,1,68.43,Summer
2023-08-26,S005,P0020,Clothing,North,116,60,95,60.56,62.15,15,Sunny,0,59.24,Summer
2022-04-20,S003,P0011,Clothing,South,212,65,149,81.27,54.04,0,Rainy,1,55.64,Autumn
2022-06-05,S003,P0002,Electronics,South,361,197,76,211.45,54.5,10,Snowy,1,53.79,Spring
2023-11-09,S002,P0001,Clothing,East,244,180,72,183.21,48.58,10,Sunny,1,49.03,Winter
2022-06-18,S002,P0003,Toys,North,124,64,116,63.78,37.7,5,Cloudy,1,42.37,Autumn
2023-01-01,S001,P0016,Groceries,West,452,262,79,253.67,14.73,10,Snowy,0,19.03,Autumn
2022-04-24,S004,P0013,Electronics,East,295,197,154,210.32,63.0,10,Rainy,0,61.38,Summer
2023-07-30,S005,P0008,Furniture,North,142,52,126,59.98,29.92,5,Cloudy,0,34.16,Autumn
2022-06-14,S001,P0009,Furniture,South,347,1,94,-3.7,21.99,15,Rainy,1,25.95,Winter
2022-04-08,S005,P0004,Toys,East,381,293,179,311.09,27.49,5,Snowy,1,23.58,Winter
2022-12-12,S005,P0011,Groceries,North,445,246,63,239.34,85.95,0,Sunny,1,87.42,Spring
2023-11-07,S004,P0013,Clothing,South,128,104,146,111.57,22.92,10,Snowy,1,27.09,Autumn
2023-11-30,S005,P0009,Electronics,East,409,126,143,138.52,13.53,5,Snowy,1,13.89,Winter
2023-02-01,S001,P0015,Toys,East,462,31,169,32.93,85.12,5,Cloudy,1,83.4,Spring
2022-05-22,S004,P0005,Clothing,East,253,89,136,105.36,15.48,20,Snowy,1,19.79,Winter
2023-03-17,S002,P0007,Electronics,South,476,203,97,210.75,61.0,20,Rainy,0,56.28,Summer
2022-09-11,S002,P0018,Clothing,West,134,43,50,45.16,37.02,0,Snowy,0,35.34,Autumn
2022-02-23,S005,P0017,Furniture,West,349,272,37,275.9,37.94,20,Sunny,0,35.2,Autumn
2023-11-08,S003,P0017,Toys,West,460,376,143,395.88,61.77,0,Rainy,1,57.55,Summer
2023-03-21,S003,P0007,Furniture,West,482,232,52,250.71,85.38,15,Rainy,0,88.64,Summer
2022-08-18,S002,P0009,Toys,North,474,204,191,195.89,92.35,0,Sunny,1,89.34,Spring
2023-03-14,S002,P0008,Electronics,South,412,196,101,206.64,82.96,5,Rainy,1,80.74,Autumn
2023-05-05,S003,P0017,Furniture,East,162,47,93,37.79,88.95,0,Snowy,1,84.38,Autumn
2022-12-26,S001,P0018,Toys,East,309,241,159,260.32,78.2,20,Sunny,1,82.59,Winter
2023-07-01,S005,P0008,Electronics,North,102,1,176,20.87,72.01,0,Sunny,1,70.05,Summer
2023-02-05,S002,P0018,Toys,South,476,312,115,303.75,45.49,0,Snowy,1,42.12,Winter
2023-11-23,S005,P0015,Toys,West,490,235,132,247.21,65.24,5,Snowy,0,62.52,Winter
2022-09-19,S003,P0014,Furniture,West,303,104,108,112.91,39.86,5,Rainy,1,36.11,Summer
2022-10-21,S003,P0003,Toys,East,464,131,118,145.91,74.85,15,Rainy,0,76.17,Winter
2022-05-26,S002,P0017,Furniture,North,133,131,94,133.02,11.45,20,Rainy,1,12.99,Spring
2023-12-17,S004,P0015,Electronics,East,282,165,199,159.96,20.91,10,Rainy,0,17.63,Autumn
2023-12-24,S003,P0020,Toys,East,176,165,191,169.87,43.01,5,Snowy,0,47.62,Summer
2023-11-17,S005,P0016,Furniture,South,85,21,106,14.78,74.45,0,Rainy,1,77.3,Autumn
2022-01-16,S004,P0015,Electronics,South,178,26,52,32.77,79.88,0,Rainy,0,77.63,Winter
2023-11-21,S003,P0019,Electronics,East,228,158,136,149.33,21.89,15,Sunny,1,21.95,Spring
2022-12-23,S002,P0007,Toys,West,468,462,89,477.82,20.62,15,Rainy,0,22.78,Winter
2022-05-03,S001,P0001,Toys,East,231,18,92,32.61,47.42,20,Sunny,1,50.88,Winter
2023-06-26,S003,P0008,Furniture,South,236,165,140,180.97,40.15,20,Sunny,1,44.04,Winter
2023-01-03,S002,P0011,Furniture,South,269,140,135,140.51,26.75,5,Rainy,0,26.32,Summer
2023-12-12,S003,P0002,Clothing,East,260,82,153,85.15,88.78,10,Cloudy,0,93.34,Winter
2023-01-04,S002,P0013,Clothing,South,473,142,190,160.39,63.69,15,Cloudy,1,62.58,Summer
2023-09-04,S002,P0012,Clothing,East,391,218,35,213.95,17.11,0,Snowy,0,21.39,Winter
2022-09-27,S001,P0011,Clothing,South,188,11,143,1.15,86.75,15,Snowy,0,83.14,Summer
2023-12-30,S003,P0003,Clothing,East,393,265,50,283.5,59.93,20,Cloudy,1,58.72,Winter
2022-08-26,S002,P0016,Groceries,West,349,268,144,270.98,77.36,15,Sunny,1,74.47,Summer
2022-01-31,S002,P0007,Furniture,South,136,96,195,92.74,68.86,5,Snowy,0,65.64,Autumn
2022-01-10,S003,P0010,Electronics,North,217,158,176,148.76,37.11,20,Sunny,1,39.36,Summer
2023-04-27,S002,P0013,Electronics,South,473,230,26,237.0,33.62,5,Snowy,1,34.89,Autumn
2022-08-22,S002,P0019,Furniture,North,182,47,192,58.17,86.28,15,Rainy,1,88.86,Summer
2023-05-26,S002,P0017,Furniture,East,195,68,153,84.92,66.69,0,Sunny,1,66.38,Spring
2022-08-17,S001,P0007,Toys,West,354,262,96,260.72,93.58,15,Snowy,1,90.16,Autumn
2023-08-02,S001,P0013,Groceries,North,326,315,123,307.76,53.12,20,Sunny,0,55.02,Spring
2022-07-11,S002,P0007,Toys,North,347,294,82,296.43,19.31,15,Rainy,0,22.31,Autumn
2023-11-03,S003,P0013,Electronics,South,186,120,159,113.47,29.25,20,Snowy,1,27.64,Autumn
2022-05-09,S005,P0004,Furniture,West,78,20,181,34.59,86.37,5,Snowy,0,83.94,Autumn
2023-11-30,S003,P0006,Electronics,West,249,51,62,53.07,31.3,20,Cloudy,1,35.66,Autumn
2022-06-30,S003,P0007,Groceries,South,401,23,76,23.05,75.48,0,Sunny,0,79.21,Autumn
2022-02-07,S001,P0012,Furniture,South,424,196,145,186.59,93.65,20,Snowy,1,94.63,Autumn
2022-07-12,S005,P0015,Furniture,East,327,192,195,200.23,66.47,5,Cloudy,1,68.13,Winter
2022-05-14,S001,P0013,Groceries,North,127,89,140,107.67,18.24,0,Rainy,0,13.38,Spring
2023-01-14,S005,P0003,Electronics,North,398,18,149,26.59,49.31,15,Sunny,1,53.48,Autumn
2023-08-10,S003,P0019,Electronics,South,336,19,87,23.79,14.11,20,Rainy,0,12.72,Autumn
2022-04-21,S002,P0018,Electronics,East,337,311,155,310.46,65.38,10,Sunny,1,70.1,Spring
2022-06-06,S002,P0002,Clothing,North,475,261,43,262.06,76.77,10,Cloudy,0,81.66,Spring
2022-01-13,S001,P0014,Toys,South,79,58,158,73.54,96.24,10,Cloudy,1,100.59,Autumn
2023-01-04,S004,P0007,Furniture,South,417,229,173,227.79,23.25,20,Sunny,1,25.07,Spring
2023-01-03,S004,P0014,Clothing,North,276,162,161,166.38,13.03,20,Rainy,0,8.64,Spring
2023-11-26,S005,P0015,Furniture,North,100,85,134,94.75,49.19,20,Snowy,0,49.65,Autumn
2023-03-31,S003,P0018,Groceries,South,401,89,141,90.14,54.07,0,Cloudy,0,54.28,Winter
2023-11-24,S005,P0011,Furniture,West,489,17,159,25.0,21.75,10,Snowy,0,22.13,Spring
2022-06-10,S004,P0004,Furniture,North,157,32,112,42.24,95.23,10,Rainy,0,93.89,Spring
2023-08-17,S002,P0010,Clothing,North,376,236,129,244.98,36.93,5,Snowy,0,38.39,Spring
2022-11-11,S001,P0001,Clothing,South,101,77,154,84.96,34.73,5,Cloudy,0,32.96,Summer
2022-05-02,S001,P0007,Groceries,South,342,134,159,152.38,52.27,5,Snowy,1,56.31,Summer
2023-12-18,S002,P0001,Groceries,North,64,55,111,57.51,58.19,15,Cloudy,1,59.52,Autumn
2023-06-05,S003,P0011,Clothing,East,128,125,168,121.38,68.94,20,Rainy,1,72.5,Winter
2023-11-13,S003,P0003,Groceries,South,329,179,115,197.78,43.9,5,Sunny,0,45.75,Autumn
2023-08-27,S001,P0006,Toys,East,113,0,129,16.58,58.82,20,Cloudy,1,56.22,Spring
2022-11-05,S003,P0012,Furniture,West,415,371,196,386.28,65.25,15,Sunny,1,67.88,Autumn
2023-04-18,S004,P0003,Toys,West,321,37,48,42.54,54.19,20,Cloudy,1,50.78,Winter
2023-02-25,S002,P0002,Toys,West,466,423,50,419.97,71.3,10,Snowy,1,69.26,Autumn
2022-02-20,S004,P0011,Clothing,West,204,176,160,189.08,76.59,15,Sunny,0,79.97,Spring
2023-02-26,S003,P0004,Toys,South,188,155,157,145.15,66.38,5,Sunny,1,69.76,Summer
2023-06-23,S001,P0008,Groceries,East,244,93,172,87.38,31.92,15,Snowy,1,30.9,Autumn
2023-04-05,S002,P0003,Furniture,West,158,36,189,52.73,79.02,0,Cloudy,1,82.51,Summer
2022-06-08,S003,P0015,Furniture,South,477,143,200,141.84,55.34,5,Rainy,0,59.81,Winter
2023-10-24,S005,P0014,Groceries,East,314,251,178,266.18,25.85,5,Snowy,1,29.4,Winter
2023-10-28,S003,P0014,Groceries,East,74,30,183,48.47,34.93,5,Snowy,1,31.47,Summer
2022-01-19,S001,P0006,Electronics,North,128,12,79,31.29,50.74,5,Cloudy,1,54.58,Summer
2023-07-02,S005,P0003,Clothing,North,153,34,144,26.84,35.95,10,Rainy,0,37.57,Summer
2023-02-18,S002,P0020,Furniture,North,264,241,101,248.98,36.22,5,Cloudy,1,38.03,Winter
2023-07-31,S001,P0012,Furniture,North,457,188,43,198.99,39.13,0,Rainy,1,35.34,Winter
2023-05-23,S002,P0018,Furniture,East,441,91,32,104.63,86.43,0,Sunny,0,86.63,Spring
2022-04-17,S003,P0019,Groceries,North,386,177,171,172.82,52.99,0,Snowy,1,55.01,Summer
2022-06-15,S005,P0017,Toys,North,427,364,157,367.76,92.38,10,Sunny,0,96.31,Spring
2023-10-31,S004,P0011,Clothing,South,326,233,22,229.41,96.25,15,Sunny,0,91.55,Summer
2023-04-20,S005,P0018,Clothing,West,327,116,143,134.53,57.94,20,Cloudy,1,56.34,Autumn
2023-07-28,S001,P0010,Clothing,West,55,5,121,3.47,86.86,20,Sunny,1,86.52,Winter
2023-07-28,S004,P0015,Toys,South,467,391,163,392.76,20.31,15,Snowy,0,15.56,Summer
2022-09-02,S002,P0010,Furniture,North,253,199,135,201.05,33.64,5,Snowy,1,31.02,Winter
2022-11-23,S002,P0004,Furniture,North,93,21,84,28.61,73.38,20,Snowy,0,68.65,Autumn
2022-02-14,S005,P0013,Furniture,East,78,23,183,35.46,85.49,0,Snowy,1,90.08,Winter
2022-03-02,S001,P0010,Clothing,North,361,22,147,28.38,35.54,15,Snowy,0,34.73,Autumn
2023-01-29,S003,P0015,Clothing,West,431,134,121,136.18,42.63,5,Snowy,1,46.28,Winter
2022-12-15,S005,P0002,Clothing,South,92,28,184,35.76,42.34,0,Rainy,0,42.98,Autumn
2022-10-23,S001,P0007,Furniture,North,462,221,139,222.08,74.95,0,Snowy,1,74.72,Summer
2022-11-04,S005,P0020,Groceries,West,451,241,28,247.18,22.48,10,Cloudy,0,18.27,Winter
2023-05-20,S003,P0016,Furniture,South,97,88,73,98.01,45.37,0,Rainy,1,41.63,Spring
2023-01-24,S005,P0009,Groceries,South,66,30,109,41.38,89.4,10,Rainy,0,91.31,Summer
2022-08-01,S004,P0012,Groceries,East,308,121,84,132.05,77.43,10,Rainy,1,73.32,Summer
2022-10-17,S003,P0005,Furniture,South,350,81,186,96.48,97.94,15,Rainy,1,100.34,Spring
2022-09-22,S004,P0004,Electronics,North,181,86,130,87.08,48.6,10,Rainy,1,51.73,Winter
2022-06-02,S005,P0013,Toys,South,285,86,194,85.05,64.82,20,Rainy,1,61.3,Autumn
2023-09-28,S004,P0018,Clothing,East,107,41,45,53.17,40.91,10,Rainy,0,40.18,Spring
2022-11-06,S003,P0001,Toys,North,154,46,142,60.16,74.91,15,Snowy,1,72.12,Spring
2023-07-20,S005,P0006,Toys,South,119,94,114,85.31,14.48,10,Cloudy,1,18.63,Winter
2022-03-01,S002,P0016,Electronics,North,104,75,117,77.65,27.22,15,Snowy,0,29.19,Winter
2023-12-31,S001,P0007,Furniture,North,330,181,178,173.22,78.6,10,Sunny,0,82.48,Spring
2023-10-06,S002,P0002,Toys,West,464,24,145,15.39,60.81,15,Sunny,0,63.41,Autumn
2023-11-22,S001,P0015,Toys,South,413,30,20,40.86,90.85,10,Sunny,1,94.93,Summer
2023-10-05,S005,P0011,Groceries,South,150,63,168,54.1,97.7,0,Snowy,0,100.13,Spring
2022-03-27,S002,P0010,Groceries,West,133,53,96,68.13,90.64,5,Cloudy,1,91.79,Summer
2022-07-09,S001,P0006,Toys,North,494,450,153,466.26,93.4,5,Rainy,0,96.65,Summer
2023-07-19,S004,P0013,Toys,North,106,32,151,49.66,59.91,20,Snowy,0,63.75,Spring
2022-07-22,S004,P0003,Groceries,North,105,10,38,26.03,29.33,5,Sunny,0,30.91,Autumn
2022-12-24,S003,P0003,Clothing,South,138,88,107,107.96,33.13,5,Cloudy,0,36.61,Summer
2022-06-17,S005,P0001,Electronics,West,210,43,135,51.27,91.13,10,Rainy,1,93.8,Summer
2023-04-06,S002,P0001,Electronics,East,320,311,115,312.67,61.29,5,Sunny,0,63.0,Autumn
2022-09-25,S002,P0012,Groceries,North,221,3,166,-2.22,66.21,0,Rainy,1,70.31,Winter
2023-06-26,S004,P0004,Clothing,South,447,317,67,315.06,84.67,0,Snowy,1,81.82,Winter
2023-07-21,S001,P0011,Electronics,South,355,5,95,6.82,69.27,0,Cloudy,1,71.24,Summer
2022-04-25,S004,P0009,Electronics,West,346,28,67,23.8,70.06,10,Rainy,1,67.53,Autumn
2022-10-27,S002,P0004,Clothing,West,344,246,137,253.84,47.07,5,Sunny,0,48.44,Autumn
2022-12-28,S002,P0019,Toys,East,438,30,75,33.27,12.88,10,Cloudy,0,14.4,Winter
2023-04-06,S004,P0006,Furniture,South,192,96,21,113.93,76.51,15,Cloudy,0,79.65,Winter
2022-06-20,S005,P0010,Groceries,South,463,38,85,40.16,28.41,20,Sunny,1,27.28,Spring
2022-03-08,S003,P0017,Electronics,South,101,46,72,59.1,48.78,0,Sunny,0,46.4,Spring
2022-01-21,S003,P0020,Electronics,East,402,127,188,125.36,54.22,15,Cloudy,1,55.12,Autumn
2023-01-13,S001,P0005,Groceries,East,467,302,70,317.81,87.39,0,Rainy,0,91.98,Spring
2023-03-07,S005,P0002,Furniture,South,351,236,60,233.81,47.82,5,Cloudy,0,51.6,Winter
2022-08-23,S005,P0018,Furniture,South,464,375,193,368.73,22.68,20,Rainy,1,26.43,Spring
2023-05-26,S002,P0016,Furniture,West,408,225,143,216.27,85.52,15,Sunny,0,83.57,Winter
2023-10-29,S004,P0008,Furniture,North,470,72,134,81.44,91.78,5,Rainy,0,90.02,Autumn
2023-05-22,S002,P0012,Clothing,West,96,79,191,78.61,69.64,10,Sunny,1,71.81,Summer
2022-10-01,S002,P0001,Clothing,South,490,414,27,415.49,64.96,15,Rainy,0,62.34,Winter
2023-02-28,S005,P0013,Clothing,West,129,45,181,40.21,26.8,20,Cloudy,0,26.8,Autumn
2023-05-24,S003,P0014,Furniture,West,172,73,178,79.63,21.6,0,Cloudy,0,20.42,Spring
2023-04-07,S004,P0006,Groceries,West,148,117,133,120.29,36.44,5,Snowy,1,36.69,Autumn
2023-01-28,S003,P0020,Groceries,North,185,112,160,122.03,20.7,0,Sunny,1,24.67,Autumn
2023-07-06,S002,P0011,Electronics,East,426,175,73,179.37,28.39,10,Cloudy,0,32.7,Spring
2022-04-30,S001,P0013,Groceries,South,196,147,174,160.23,94.05,20,Rainy,1,96.33,Winter
2022-06-10,S002,P0009,Furniture,West,95,77,36,86.36,45.51,0,Cloudy,1,45.3,Autumn
2022-01-05,S003,P0007,Clothing,East,79,66,69,74.14,76.7,10,Rainy,1,73.33,Summer
2023-10-26,S004,P0003,Toys,North,278,78,143,95.04,42.44,15,Cloudy,1,45.38,Winter
2023-12-13,S004,P0004,Electronics,East,254,246,198,246.71,32.79,10,Cloudy,1,35.35,Summer
2023-11-24,S001,P0016,Groceries,North,498,434,107,436.96,56.1,0,Sunny,0,57.29,Spring
2022-05-01,S003,P0003,Toys,West,479,282,45,287.03,32.0,5,Sunny,0,30.55,Autumn
2023-05-30,S003,P0003,Toys,West,160,54,130,63.33,95.06,10,Cloudy,1,98.87,Winter
2022-01-24,S003,P0020,Clothing,South,53,6,183,5.81,69.91,10,Rainy,0,71.03,Summer
2022-07-05,S003,P0005,Electronics,South,332,121,74,115.59,90.27,15,Snowy,1,90.13,Spring
2023-02-10,S005,P0015,Electronics,South,368,48,90,61.74,77.77,10,Rainy,1,76.58,Winter
2022-01-20,S003,P0006,Toys,North,496,193,41,187.22,79.38,15,Sunny,1,75.74,Autumn
2023-06-01,S001,P0015,Electronics,South,203,90,168,100.73,35.66,5,Sunny,1,31.43,Spring
2023-06-10,S002,P0007,Clothing,South,121,109,33,112.08,94.42,5,Snowy,0,97.16,Autumn
2022-11-28,S002,P0003,Toys,West,108,34,31,47.77,38.99,20,Snowy,1,42.11,Spring
2022-11-11,S002,P0001,Clothing,South,464,94,63,89.94,99.99,5,Sunny,0,102.21,Winter
2023-11-12,S004,P0017,Furniture,West,264,199,52,210.41,71.94,15,Cloudy,0,76.51,Autumn
2023-02-18,S005,P0004,Toys,North,323,232,73,240.92,69.39,15,Cloudy,1,65.34,Summer
2022-07-21,S004,P0001,Electronics,North,272,152,28,167.55,32.98,20,Snowy,1,31.44,Winter
2022-10-08,S004,P0009,Groceries,South,114,82,68,93.2,67.29,15,Snowy,0,66.43,Autumn
2023-04-10,S003,P0002,Toys,West,461,127,165,119.17,48.76,15,Snowy,1,48.46,Winter
2022-10-08,S001,P0012,Clothing,East,57,9,120,22.6,18.58,0,Cloudy,1,20.32,Spring
2023-08-11,S002,P0005,Electronics,North,490,403,139,419.17,28.4,10,Snowy,0,24.35,Winter
2023-12-30,S001,P0012,Furniture,South,258,160,177,176.3,70.22,10,Snowy,0,73.74,Autumn
2023-10-23,S001,P0012,Clothing,North,229,144,167,139.96,38.42,0,Snowy,1,33.71,Spring
2023-01-06,S004,P0009,Clothing,East,105,8,25,18.17,64.18,10,Cloudy,0,67.18,Summer
2022-05-06,S005,P0015,Clothing,South,65,47,63,56.01,16.81,20,Cloudy,1,15.16,Summer
2022-09-10,S002,P0005,Electronics,North,289,45,43,58.77,51.69,10,Snowy,0,50.89,Autumn
2022-05-03,S001,P0013,Electronics,North,140,72,147,84.48,86.31,5,Rainy,1,83.43,Winter
2022-07-08,S004,P0015,Groceries,East,243,141,26,159.38,11.88,15,Snowy,1,10.64,Spring
2022-11-20,S003,P0012,Groceries,North,312,108,21,113.04,42.67,10,Rainy,0,41.21,Autumn
2023-01-24,S004,P0008,Electronics,West,186,161,150,154.4,84.6,5,Cloudy,1,88.74,Summer
2022-06-20,S005,P0019,Clothing,North,371,150,101,143.36,90.84,10,Cloudy,1,95.25,Winter
2023-11-20,S003,P0010,Groceries,West,431,317,118,322.13,22.18,10,Sunny,0,18.62,Summer
2023-02-27,S004,P0016,Electronics,West,298,154,91,146.9,10.09,0,Sunny,1,10.58,Summer
2022-01-26,S003,P0017,Toys,West,477,333,42,345.55,80.49,10,Cloudy,1,85.42,Autumn
2023-08-21,S002,P0002,Furniture,East,251,186,194,193.7,13.67,10,Rainy,0,16.77,Summer
2023-02-21,S004,P0005,Groceries,East,307,122,124,131.34,39.76,20,Rainy,1,36.1,Autumn
2023-04-13,S005,P0015,Clothing,North,220,217,180,212.7,32.37,20,Snowy,0,31.43,Summer
2023-05-10,S004,P0019,Toys,North,284,172,181,180.05,36.57,15,Rainy,1,33.6,Spring
2022-11-04,S002,P0009,Clothing,South,64,58,79,55.88,47.22,0,Rainy,1,45.15,Spring
2022-12-13,S003,P0018,Toys,South,341,57,165,65.48,62.81,15,Rainy,0,66.89,Spring
2023-04-15,S003,P0006,Electronics,North,283,39,42,32.58,60.2,20,Snowy,0,55.26,Winter
2022-12-06,S002,P0017,Groceries,East,306,192,101,194.75,85.74,0,Cloudy,0,85.95,Summer
2023-06-04,S005,P0010,Electronics,South,175,46,144,47.43,41.32,5,Sunny,0,40.69,Spring
2022-01-08,S004,P0014,Furniture,East,311,256,168,267.54,51.94,10,Snowy,0,54.91,Winter
2023-03-12,S004,P0011,Groceries,East,476,356,180,371.13,22.82,20,Snowy,1,25.19,Spring
2023-09-23,S004,P0011,Toys,East,342,35,22,47.31,91.21,10,Rainy,0,86.51,Winter
2023-02-02,S001,P0017,Furniture,West,255,3,44,21.08,85.3,15,Cloudy,0,89.95,Spring
2022-03-05,S002,P0010,Electronics,South,201,78,30,89.62,10.87,15,Rainy,0,6.55,Summer
2023-09-16,S004,P0018,Furniture,East,474,99,122,101.58,95.66,0,Cloudy,1,91.07,Spring
2023-05-31,S004,P0003,Electronics,North,386,257,66,276.82,48.24,5,Rainy,1,44.53,Winter
2023-06-05,S004,P0010,Electronics,North,490,253,196,253.86,99.84,10,Rainy,1,98.13,Spring
2023-09-24,S002,P0010,Clothing,West,432,237,37,252.83,15.52,15,Snowy,0,18.65,Spring
2023-11-12,S002,P0019,Toys,North,140,8,94,-1.35,52.07,20,Snowy,1,56.66,Winter
2022-10-25,S003,P0016,Groceries,North,160,129,139,119.22,70.39,0,Cloudy,1,74.74,Spring
2022-04-24,S001,P0018,Furniture,South,101,34,108,32.97,38.37,5,Rainy,1,38.55,Spring
2022-12-19,S002,P0008,Toys,South,77,12,173,22.59,40.01,20,Sunny,0,38.42,Autumn
2022-11-11,S004,P0011,Clothing,West,112,55,126,59.24,16.52,5,Cloudy,0,19.94,Spring
2022-04-21,S004,P0008,Electronics,North,65,45,177,56.21,84.27,0,Snowy,0,80.74,Autumn
2023-02-13,S001,P0017,Toys,South,219,186,102,182.7,92.0,20,Snowy,0,90.2,Winter
2023-10-28,S002,P0020,Clothing,West,67,25,159,43.99,17.84,20,Snowy,1,18.17,Autumn
2022-05-04,S003,P0006,Groceries,North,154,61,193,55.4,69.08,0,Cloudy,1,72.31,Autumn
2022-03-20,S002,P0017,Toys,East,380,303,175,303.76,81.61,5,Snowy,0,86.58,Summer
2022-08-03,S001,P0020,Electronics,East,108,50,150,66.28,61.03,10,Cloudy,0,65.54,Summer
2023-12-17,S001,P0020,Electronics,East,125,124,133,136.78,77.51,10,Snowy,1,73.32,Autumn
2023-01-27,S005,P0009,Clothing,North,81,2,64,10.35,82.28,20,Snowy,1,83.04,Summer
2022-02-03,S003,P0003,Clothing,West,74,30,112,22.18,45.25,5,Rainy,1,50.2,Summer
2022-09-09,S004,P0001,Clothing,West,423,155,148,167.41,40.22,0,Snowy,0,42.93,Summer
2023-05-03,S001,P0007,Electronics,North,197,94,96,113.89,95.12,10,Snowy,0,95.09,Summer
2022-08-26,S002,P0015,Furniture,East,184,177,193,192.09,20.6,20,Snowy,1,20.87,Winter
2023-06-03,S001,P0010,Electronics,East,172,91,72,99.19,54.34,0,Snowy,1,58.54,Spring
2022-11-15,S003,P0020,Toys,North,345,289,179,306.46,53.42,10,Sunny,1,54.13,Autumn
2023-02-27,S001,P0012,Toys,West,350,212,179,207.34,63.92,10,Cloudy,0,60.75,Autumn
2023-10-27,S003,P0007,Furniture,North,71,36,128,55.9,12.86,5,Sunny,1,13.99,Winter
2023-02-09,S004,P0017,Furniture,South,460,118,198,126.43,50.83,0,Snowy,0,51.24,Summer
2022-11-24,S004,P0011,Electronics,West,331,212,78,215.15,93.56,10,Cloudy,1,92.6,Summer
2023-09-12,S005,P0013,Toys,South,227,78,48,93.14,68.17,5,Rainy,1,72.05,Spring
2022-08-04,S004,P0020,Clothing,East,271,80,199,71.6,12.96,10,Sunny,0,8.43,Summer
2023-03-13,S001,P0006,Clothing,West,65,47,140,59.4,56.75,5,Rainy,0,58.39,Winter
2022-06-19,S001,P0015,Electronics,East,228,179,144,169.37,54.7,10,Snowy,0,53.21,Summer
2023-08-07,S005,P0007,Groceries,North,232,43,172,35.54,80.15,0,Sunny,1,81.64,Summer
2022-01-30,S001,P0004,Electronics,West,488,118,200,130.22,29.77,20,Snowy,0,32.88,Spring
2023-06-26,S003,P0001,Electronics,East,495,22,83,22.24,73.53,10,Sunny,1,70.02,Autumn
2022-08-16,S005,P0011,Furniture,South,92,30,130,30.5,54.86,5,Cloudy,1,49.86,Summer
2022-09-12,S005,P0016,Clothing,West,453,169,199,164.06,27.79,0,Cloudy,1,27.85,Summer
2022-05-11,S001,P0014,Clothing,East,329,74,118,76.16,67.96,20,Snowy,1,69.94,Autumn
2022-01-08,S001,P0002,Groceries,South,55,33,34,44.32,72.12,5,Rainy,0,73.33,Autumn
2023-10-21,S004,P0016,Furniture,East,345,161,150,177.99,48.48,5,Sunny,1,52.92,Autumn
2023-03-06,S004,P0019,Clothing,South,149,17,20,36.51,49.87,5,Sunny,0,45.77,Winter
2022-11-10,S002,P0017,Groceries,North,439,181,84,175.85,81.7,0,Snowy,0,83.66,Spring
2022-11-11,S002,P0012,Electronics,West,383,300,93,309.93,43.35,10,Cloudy,0,42.17,Summer
2022-05-17,S005,P0015,Toys,West,51,13,168,17.75,48.75,5,Snowy,1,47.16,Summer
2023-08-05,S004,P0015,Toys,West,201,36,122,35.33,20.65,20,Snowy,0,24.21,Autumn
2023-09-23,S005,P0019,Furniture,South,148,135,73,130.37,70.67,20,Sunny,1,71.61,Spring
2022-05-06,S005,P0014,Furniture,East,148,132,56,136.33,48.21,10,Rainy,1,48.53,Spring
2022-05-01,S001,P0001,Electronics,East,125,0,117,-8.04,36.91,10,Cloudy,0,37.85,Spring
2023-06-11,S002,P0006,Groceries,South,185,106,196,104.35,52.07,10,Rainy,0,50.75,Spring
2022-06-02,S001,P0008,Groceries,West,194,125,118,143.35,36.65,5,Rainy,1,39.93,Spring
2023-06-19,S001,P0006,Clothing,West,180,25,108,44.86,38.06,10,Rainy,0,34.42,Autumn
2023-08-10,S003,P0012,Groceries,North,191,36,55,48.73,46.16,10,Snowy,1,46.89,Autumn
2022-12-09,S001,P0006,Electronics,North,150,9,168,12.69,36.8,10,Rainy,1,32.24,Winter
2023-08-27,S005,P0016,Furniture,North,445,311,136,304.69,58.32,0,Snowy,0,59.46,Summer
2023-07-14,S005,P0007,Electronics,East,346,74,145,69.26,20.13,5,Sunny,1,18.76,Summer
2022-08-05,S003,P0017,Electronics,East,361,233,104,235.56,13.38,5,Rainy,1,10.61,Winter
2022-04-09,S001,P0005,Groceries,East,77,54,117,62.03,17.13,15,Sunny,1,16.56,Autumn
2022-12-19,S005,P0017,Clothing,West,464,166,132,163.35,51.8,10,Sunny,1,47.38,Winter
2022-09-14,S002,P0001,Toys,East,76,11,46,21.26,61.91,20,Snowy,0,57.34,Winter
2022-08-15,S004,P0008,Electronics,West,228,89,153,97.76,46.53,15,Cloudy,1,41.99,Winter
2023-02-07,S004,P0009,Electronics,West,159,127,84,141.26,46.12,10,Snowy,0,47.48,Spring
2022-02-01,S002,P0018,Toys,East,361,276,58,268.65,24.32,15,Rainy,1,24.36,Summer
2022-08-15,S005,P0003,Furniture,North,276,253,151,267.24,43.5,5,Sunny,1,39.02,Autumn
2022-09-16,S002,P0012,Toys,South,51,30,35,27.77,79.57,10,Sunny,0,79.4,Spring
2022-04-03,S001,P0007,Furniture,West,195,126,42,137.24,59.48,10,Rainy,1,60.78,Winter
2022-06-28,S002,P0012,Groceries,West,77,14,101,21.05,60.97,0,Snowy,0,61.39,Summer
2022-08-04,S001,P0004,Electronics,East,450,287,153,286.88,11.01,10,Cloudy,0,14.7,Summer
2022-08-19,S003,P0005,Toys,East,398,95,105,98.26,97.87,10,Sunny,1,95.02,Autumn
2023-04-29,S001,P0015,Electronics,West,317,253,150,253.09,59.51,0,Rainy,0,57.91,Winter
2022-01-31,S003,P0018,Toys,East,146,122,197,121.91,32.67,5,Sunny,1,30.1,Summer
2023-12-21,S001,P0001,Furniture,North,472,174,52,167.13,19.45,15,Sunny,1,16.24,Spring
2022-08-26,S005,P0012,Electronics,South,427,319,21,332.78,79.91,10,Cloudy,1,76.47,Summer
2022-04-29,S004,P0008,Furniture,East,194,65,62,59.73,33.38,20,Rainy,0,35.44,Autumn
2023-01-11,S005,P0013,Electronics,North,156,21,47,23.73,53.33,5,Cloudy,0,55.63,Summer
2023-09-12,S004,P0015,Groceries,North,280,66,138,85.9,40.76,10,Snowy,0,43.24,Spring
2023-01-13,S005,P0003,Toys,West,291,289,46,284.03,18.68,5,Rainy,0,17.68,Summer
2023-10-12,S001,P0004,Clothing,East,121,119,43,135.47,66.36,10,Cloudy,0,68.71,Summer
2023-04-29,S001,P0001,Furniture,North,217,28,104,18.1,99.67,5,Sunny,1,98.05,Autumn
2023-09-29,S002,P0017,Furniture,South,441,292,31,283.84,42.62,5,Snowy,0,43.33,Summer
2022-08-30,S003,P0006,Furniture,East,395,60,34,77.82,86.07,0,Cloudy,1,89.21,Autumn
2023-02-15,S002,P0002,Toys,South,164,43,113,50.01,93.73,10,Snowy,0,98.17,Autumn
2022-09-17,S002,P0007,Groceries,West,381,228,35,218.3,99.72,0,Cloudy,1,97.16,Winter
2023-06-11,S005,P0009,Toys,East,63,4,115,22.39,13.75,0,Cloudy,0,9.74,Autumn
2023-11-27,S004,P0019,Electronics,West,95,39,20,32.56,39.37,15,Rainy,0,34.72,Autumn
2023-03-28,S002,P0007,Clothing,South,163,72,94,65.95,44.94,15,Snowy,0,40.7,Winter
2023-03-15,S004,P0020,Clothing,North,468,158,103,165.16,37.36,20,Rainy,0,39.05,Autumn
2023-10-07,S004,P0013,Clothing,East,211,63,170,79.66,53.81,20,Sunny,1,56.06,Spring
2023-04-22,S001,P0013,Electronics,North,241,39,115,34.25,58.17,10,Cloudy,1,56.96,Spring
2022-07-24,S005,P0013,Electronics,North,482,217,46,234.73,13.2,0,Sunny,1,18.17,Summer
2022-02-10,S004,P0013,Groceries,West,77,73,198,72.28,23.24,0,Sunny,1,25.76,Spring
2023-03-05,S001,P0011,Clothing,East,495,99,41,102.68,13.65,10,Cloudy,1,10.32,Summer
2023-12-17,S005,P0016,Groceries,East,487,225,114,224.38,61.38,10,Cloudy,0,56.57,Summer
2022-06-06,S004,P0007,Toys,South,230,209,139,205.86,28.86,15,Snowy,0,29.36,Summer
2023-03-07,S002,P0019,Electronics,East,135,126,195,143.53,67.86,5,Cloudy,0,69.13,Winter
2023-09-21,S005,P0014,Groceries,East,365,281,84,284.18,40.68,0,Snowy,0,42.72,Summer
2023-03-20,S003,P0007,Furniture,North,346,298,189,304.44,47.97,15,Cloudy,0,47.33,Autumn
2023-08-21,S002,P0005,Toys,South,386,28,106,29.74,20.19,5,Snowy,1,21.4,Winter
2022-04-03,S003,P0009,Clothing,West,481,444,33,434.89,76.86,10,Rainy,1,77.18,Summer
2023-05-06,S002,P0019,Groceries,West,347,7,168,-0.26,25.92,0,Rainy,1,27.38,Winter
2022-07-19,S003,P0014,Clothing,South,163,56,114,63.73,27.74,15,Cloudy,0,22.75,Spring
2022-12-17,S005,P0007,Clothing,East,64,28,165,31.91,21.77,20,Sunny,1,26.17,Autumn
2023-05-07,S003,P0010,Furniture,East,150,108,58,104.04,70.12,20,Sunny,0,65.87,Autumn
2023-09-26,S005,P0007,Electronics,East,167,138,119,140.69,43.94,15,Snowy,0,44.38,Summer
2023-12-12,S005,P0005,Groceries,West,197,157,111,156.74,27.38,10,Rainy,0,25.41,Autumn
2022-10-14,S002,P0012,Furniture,East,212,50,73,59.2,24.81,15,Sunny,0,21.54,Spring
2022-09-20,S001,P0003,Toys,North,201,7,103,11.68,96.02,20,Snowy,1,93.8,Summer
2022-09-10,S004,P0001,Clothing,North,344,59,85,66.51,57.75,0,Sunny,0,58.0,Autumn
2022-05-11,S002,P0003,Electronics,East,309,122,59,139.99,14.34,15,Rainy,1,19.25,Summer
2023-05-13,S005,P0004,Furniture,North,477,6,159,1.05,29.25,20,Snowy,1,24.5,Autumn
2022-08-17,S001,P0020,Electronics,West,467,128,81,126.04,33.19,10,Rainy,1,37.2,Spring
2023-04-02,S003,P0015,Furniture,East,490,372,186,366.16,62.19,15,Rainy,0,66.23,Summer
2023-03-31,S005,P0011,Clothing,West,321,255,63,249.13,17.03,5,Snowy,0,15.52,Winter
2023-03-13,S002,P0001,Groceries,North,450,13,97,24.13,83.78,0,Rainy,0,84.56,Autumn
2022-08-07,S004,P0001,Clothing,South,288,199,53,195.54,32.2,5,Sunny,1,28.0,Winter
2022-02-17,S003,P0006,Electronics,South,391,390,38,393.96,61.69,5,Sunny,0,62.24,Spring
2022-10-12,S001,P0018,Toys,South,361,73,37,88.38,52.28,15,Cloudy,0,52.76,Spring
2022-04-02,S003,P0016,Groceries,North,64,53,152,66.03,30.42,20,Rainy,0,26.23,Summer
2023-06-28,S005,P0002,Furniture,North,309,124,60,121.31,52.53,20,Sunny,0,57.34,Winter
2022-08-03,S004,P0004,Groceries,West,200,79,189,90.33,80.11,15,Cloudy,1,82.48,Spring
2023-06-09,S001,P0020,Toys,East,383,9,116,20.91,81.79,0,Cloudy,1,78.82,Summer
2022-07-30,S005,P0010,Electronics,North,374,350,31,350.66,31.71,0,Cloudy,1,34.17,Summer
2023-05-06,S004,P0015,Furniture,South,192,109,174,116.0,57.18,15,Cloudy,0,55.44,Winter
2023-08-01,S002,P0020,Groceries,South,198,149,56,168.8,82.13,10,Cloudy,1,79.1,Autumn
2023-09-22,S002,P0010,Furniture,South,127,90,24,89.55,57.05,0,Sunny,0,55.06,Winter
2023-12-17,S003,P0009,Electronics,South,278,40,102,56.94,71.08,5,Cloudy,0,72.0,Autumn
2022-09-22,S004,P0005,Clothing,South,199,49,24,66.8,49.51,0,Rainy,1,54.37,Summer
2022-07-16,S004,P0013,Furniture,South,461,262,117,265.03,92.03,20,Rainy,0,91.75,Summer
2023-07-19,S004,P0018,Electronics,South,467,77,94,73.88,59.67,0,Cloudy,0,64.17,Winter
2023-06-20,S003,P0018,Toys,West,104,3,42,3.13,28.55,10,Sunny,1,28.89,Spring
2023-03-05,S001,P0005,Clothing,West,362,25,140,32.64,55.28,10,Sunny,1,51.25,Spring
2023-07-18,S002,P0011,Clothing,South,463,321,114,320.84,53.43,20,Sunny,1,58.42,Spring
2022-12-28,S005,P0015,Furniture,East,327,242,63,254.79,74.69,10,Sunny,0,72.25,Spring
2022-12-09,S003,P0004,Furniture,West,366,18,88,31.61,66.2,15,Sunny,1,70.75,Autumn
2023-09-23,S003,P0010,Clothing,North,219,5,163,17.27,71.34,10,Rainy,1,68.12,Summer
2022-01-25,S005,P0014,Electronics,East,238,14,96,8.95,82.75,10,Rainy,0,78.96,Autumn
2022-04-16,S004,P0003,Clothing,South,333,198,99,197.78,31.46,20,Snowy,1,27.85,Autumn
2022-08-29,S005,P0015,Toys,East,475,248,188,257.48,35.52,20,Cloudy,1,38.17,Autumn
2022-02-15,S001,P0011,Toys,North,54,42,81,44.37,44.91,20,Cloudy,1,43.37,Spring
2022-03-20,S004,P0017,Toys,East,290,72,81,79.43,25.74,10,Rainy,0,29.52,Summer
2023-07-28,S001,P0002,Clothing,South,280,93,130,111.1,42.13,0,Cloudy,0,41.8,Autumn
2023-04-12,S004,P0002,Clothing,South,246,39,95,34.01,19.69,5,Cloudy,1,24.44,Summer
2023-07-05,S004,P0019,Groceries,West,129,20,25,11.63,12.09,0,Sunny,1,8.56,Winter
2023-08-05,S004,P0003,Toys,East,297,64,49,60.59,72.86,20,Rainy,0,69.94,Summer
2023-01-18,S002,P0020,Toys,West,322,158,157,168.58,20.12,15,Rainy,0,17.95,Autumn
2022-08-10,S005,P0015,Groceries,South,338,48,149,48.38,99.71,5,Sunny,1,94.75,Spring
2022-06-06,S001,P0003,Groceries,South,212,155,189,173.79,48.92,15,Snowy,0,50.8,Spring
2022-05-23,S004,P0005,Toys,North,212,152,108,154.34,77.65,20,Sunny,1,72.85,Summer
2023-11-13,S004,P0013,Furniture,West,366,79,168,71.5,67.72,0,Snowy,0,64.28,Autumn
2022-12-18,S005,P0001,Furniture,South,351,184,186,180.45,27.69,15,Cloudy,0,23.93,Spring
2023-07-16,S004,P0014,Clothing,East,402,16,189,15.83,57.5,5,Sunny,1,59.46,Autumn
2022-07-18,S003,P0009,Electronics,West,153,13,134,16.76,97.84,5,Cloudy,1,98.66,Summer
2022-09-14,S002,P0007,Groceries,North,51,21,37,36.89,12.47,20,Rainy,1,11.99,Winter
2023-09-10,S004,P0005,Toys,East,61,24,25,14.72,75.85,15,Rainy,0,76.2,Spring
2022-08-29,S005,P0018,Clothing,East,204,130,83,126.04,20.31,15,Cloudy,1,24.97,Autumn
2023-01-26,S003,P0014,Toys,North,270,143,119,137.61,25.66,20,Snowy,0,25.37,Autumn
2023-03-29,S001,P0006,Toys,West,419,32,124,37.52,99.93,0,Rainy,1,98.82,Autumn
2022-02-08,S003,P0001,Groceries,North,116,81,121,74.68,85.69,0,Sunny,1,87.98,Autumn
2023-07-22,S003,P0011,Electronics,North,394,269,28,262.87,96.47,20,Rainy,0,96.33,Autumn
2023-10-04,S005,P0016,Toys,East,109,87,178,106.21,37.05,0,Cloudy,1,40.19,Winter
2022-10-30,S001,P0003,Clothing,West,68,24,52,20.46,82.64,5,Snowy,1,79.53,Autumn
2023-11-13,S002,P0012,Toys,South,54,45,46,63.06,20.91,0,Snowy,0,17.51,Spring
2023-05-07,S004,P0014,Electronics,West,347,105,143,110.08,93.04,5,Sunny,1,89.49,Summer
2023-03-12,S005,P0005,Electronics,North,338,14,68,30.85,39.78,15,Snowy,0,36.45,Winter
2023-01-05,S004,P0003,Furniture,South,271,99,55,105.41,67.64,15,Cloudy,0,69.61,Winter
2023-11-25,S002,P0004,Groceries,West,57,20,159,13.66,52.72,10,Snowy,1,57.69,Summer
2022-01-13,S002,P0011,Electronics,West,281,175,174,174.3,41.28,5,Rainy,1,45.86,Spring
2023-03-28,S001,P0016,Toys,West,259,212,184,202.83,26.13,20,Snowy,1,25.02,Winter
2023-04-13,S004,P0008,Furniture,West,65,1,196,12.31,31.28,5,Snowy,1,32.42,Autumn
2022-10-25,S001,P0007,Groceries,South,298,58,178,55.76,60.12,0,Sunny,1,55.65,Summer
2023-07-11,S001,P0011,Toys,North,227,87,26,78.44,18.18,10,Rainy,0,21.58,Spring
2023-06-02,S005,P0001,Furniture,West,139,136,22,151.49,70.8,10,Rainy,0,73.85,Spring
2023-07-09,S002,P0008,Clothing,West,90,38,71,32.49,18.32,0,Sunny,1,18.67,Winter
2022-02-28,S004,P0003,Groceries,South,494,318,88,310.34,45.48,0,Rainy,1,46.21,Winter
2023-02-26,S002,P0009,Toys,East,148,74,34,81.33,23.08,5,Rainy,1,23.18,Summer
2023-06-13,S004,P0017,Toys,South,399,261,61,255.32,90.11,5,Cloudy,0,90.12,Autumn
2022-07-24,S003,P0014,Groceries,North,450,240,94,233.26,79.72,10,Sunny,1,79.9,Summer
2023-04-10,S003,P0018,Clothing,West,76,73,139,64.95,63.57,10,Rainy,0,65.58,Autumn
2022-03-26,S002,P0001,Toys,East,208,155,61,161.35,16.32,15,Cloudy,1,16.96,Winter
2022-05-16,S001,P0005,Clothing,North,100,13,73,5.88,25.21,0,Snowy,1,28.72,Autumn
2022-09-11,S003,P0020,Groceries,East,237,181,110,184.75,15.31,10,Rainy,1,15.06,Spring
2023-10-21,S002,P0008,Clothing,North,319,234,64,227.05,20.68,0,Snowy,0,18.22,Spring
2022-05-21,S001,P0014,Groceries,South,52,8,200,-1.88,44.3,15,Snowy,1,40.51,Spring
2023-12-02,S004,P0014,Furniture,South,216,142,171,153.58,95.35,10,Rainy,0,94.99,Winter
2022-06-26,S005,P0010,Clothing,South,451,319,62,321.67,94.05,5,Cloudy,0,90.47,Spring
2022-07-11,S003,P0014,Clothing,North,383,282,81,281.44,82.45,20,Snowy,0,84.13,Spring
2023-05-23,S001,P0017,Toys,South,500,480,130,493.52,14.22,10,Snowy,0,18.39,Summer
2022-08-04,S001,P0011,Groceries,East,131,76,193,73.39,19.45,5,Cloudy,0,18.76,Winter
2022-12-30,S002,P0006,Furniture,South,289,71,179,62.93,11.38,0,Sunny,0,10.02,Autumn
2022-11-04,S005,P0007,Furniture,West,288,80,21,93.71,94.36,0,Snowy,0,95.55,Winter
2023-03-19,S001,P0018,Furniture,West,63,28,159,38.2,69.49,15,Cloudy,0,68.6,Summer
2023-12-26,S004,P0010,Groceries,North,336,126,53,125.16,57.21,5,Snowy,1,59.31,Autumn
2022-04-14,S004,P0006,Furniture,West,461,102,109,102.1,38.27,10,Rainy,0,37.7,Spring
2022-06-13,S003,P0014,Electronics,South,241,123,41,118.18,10.78,20,Sunny,1,8.5,Autumn
2023-03-11,S001,P0011,Furniture,East,402,340,184,336.54,81.08,20,Rainy,1,81.57,Winter
2022-04-19,S003,P0004,Furniture,East,292,234,191,235.24,86.11,20,Snowy,1,87.45,Winter
2023-10-17,S001,P0008,Groceries,West,294,238,38,241.94,57.55,0,Cloudy,0,54.3,Autumn
2023-11-09,S004,P0004,Toys,North,412,13,185,7.51,90.87,15,Sunny,0,94.82,Autumn
2022-06-19,S001,P0005,Groceries,West,168,58,200,50.02,28.87,0,Snowy,1,26.83,Summer
2023-08-05,S005,P0012,Toys,West,334,22,185,23.29,17.62,0,Rainy,1,12.86,Summer
2022-03-19,S001,P0019,Electronics,South,436,283,83,292.08,92.52,10,Snowy,1,93.77,Autumn
2022-05-12,S004,P0009,Toys,South,54,30,106,24.03,71.49,0,Cloudy,1,68.57,Summer
2023-06-20,S004,P0010,Furniture,North,201,150,129,165.09,94.99,10,Cloudy,1,96.72,Autumn
2023-01-25,S005,P0004,Clothing,South,288,8,22,6.11,38.8,5,Cloudy,1,39.87,Autumn
2023-10-01,S005,P0007,Clothing,South,174,64,97,63.32,65.32,10,Sunny,1,62.32,Spring
2022-03-26,S005,P0011,Electronics,West,451,280,125,292.0,47.04,15,Rainy,1,44.95,Summer
2022-01-18,S004,P0005,Groceries,East,178,178,32,180.51,25.1,15,Sunny,0,20.27,Spring
2023-03-01,S004,P0019,Clothing,East,479,42,191,54.0,94.58,10,Rainy,0,94.29,Summer
2023-12-12,S002,P0003,Groceries,East,479,441,134,438.27,51.48,15,Snowy,0,49.21,Summer
2022-11-12,S004,P0011,Furniture,West,106,99,40,98.53,72.3,10,Sunny,0,73.22,Autumn
2023-06-22,S001,P0001,Groceries,West,327,286,26,304.84,51.22,0,Rainy,1,53.27,Spring
2022-12-29,S001,P0003,Furniture,East,407,310,85,304.91,17.87,5,Cloudy,0,21.0,Winter
2023-03-31,S005,P0017,Electronics,South,63,18,187,16.77,64.46,0,Rainy,0,66.2,Spring
2022-05-02,S005,P0010,Clothing,West,431,231,79,234.88,11.24,5,Snowy,0,15.16,Summer
2022-12-21,S003,P0009,Electronics,West,220,135,35,144.97,68.27,10,Snowy,1,71.41,Summer
2022-07-07,S003,P0011,Groceries,North,442,297,53,302.21,63.45,20,Rainy,0,61.64,Summer
2022-10-02,S001,P0018,Clothing,South,261,7,49,10.97,39.22,20,Sunny,1,39.06,Summer
2022-10-23,S004,P0014,Groceries,East,121,27,85,40.62,86.47,5,Sunny,1,90.03,Winter
2023-11-07,S002,P0009,Furniture,East,252,109,141,105.03,13.71,10,Snowy,1,9.1,Autumn
2022-07-26,S004,P0009,Groceries,South,181,27,146,29.01,19.06,0,Cloudy,1,23.16,Summer
2022-10-22,S004,P0001,Toys,East,140,77,37,67.7,21.7,10,Rainy,0,21.86,Spring
2023-07-24,S003,P0018,Toys,West,176,67,62,62.99,92.97,10,Sunny,1,88.31,Summer
2023-02-10,S003,P0008,Toys,West,383,329,156,322.32,62.82,5,Snowy,1,66.72,Winter
2023-09-03,S003,P0012,Toys,South,386,150,33,140.24,16.94,10,Snowy,0,14.03,Spring
2023-02-23,S001,P0007,Clothing,South,223,138,191,150.08,57.77,0,Snowy,0,58.02,Autumn
2022-09-30,S002,P0013,Furniture,North,302,263,95,257.98,64.85,20,Sunny,1,60.76,Spring
2023-05-30,S004,P0006,Groceries,West,234,231,86,226.16,35.02,10,Cloudy,0,36.13,Autumn
2022-03-25,S004,P0006,Electronics,West,213,22,126,37.49,47.28,15,Cloudy,1,49.69,Spring
2023-07-21,S002,P0007,Electronics,East,327,126,139,118.6,89.26,20,Sunny,1,85.32,Summer
2023-10-15,S003,P0007,Clothing,East,110,71,138,68.21,39.73,20,Cloudy,1,41.42,Autumn
2023-06-06,S003,P0011,Furniture,South,377,299,66,289.69,78.0,0,Cloudy,0,75.43,Winter
2022-12-24,S002,P0007,Groceries,West,67,14,35,16.91,26.25,15,Snowy,1,22.71,Spring
2022-09-16,S002,P0011,Electronics,East,107,96,68,90.43,34.15,5,Cloudy,0,29.88,Summer
2023-07-26,S002,P0002,Electronics,South,222,181,54,191.33,85.28,0,Sunny,1,84.56,Summer
2022-09-19,S002,P0017,Groceries,North,207,129,54,133.86,86.12,15,Snowy,0,85.62,Spring
2022-09-04,S001,P0007,Furniture,North,412,389,58,395.03,64.27,20,Rainy,0,69.16,Autumn
2023-08-17,S003,P0007,Toys,East,416,63,22,71.44,70.61,15,Rainy,1,74.4,Winter
2022-09-04,S004,P0013,Furniture,North,321,257,168,262.06,23.75,20,Rainy,1,22.48,Autumn
2022-01-29,S005,P0001,Toys,North,456,40,106,53.65,73.71,10,Cloudy,0,72.97,Autumn
2022-12-19,S001,P0004,Electronics,West,220,195,166,186.22,68.23,0,Snowy,0,66.49,Summer
2023-06-18,S003,P0007,Clothing,West,431,200,42,215.73,96.25,20,Rainy,1,97.69,Winter
2023-05-26,S004,P0009,Toys,North,59,35,40,33.12,75.37,0,Rainy,0,72.34,Winter
2023-03-12,S002,P0011,Clothing,East,109,87,24,99.67,79.67,5,Rainy,0,75.27,Autumn
2023-09-16,S001,P0001,Electronics,East,499,122,153,128.02,29.46,10,Rainy,1,27.74,Autumn
2023-10-23,S005,P0003,Clothing,West,338,179,50,178.33,27.62,15,Snowy,0,32.12,Winter
2022-04-25,S005,P0005,Furniture,West,152,126,66,119.08,88.11,15,Snowy,1,86.9,Spring
2022-11-02,S004,P0017,Groceries,South,201,21,110,25.09,59.93,5,Snowy,0,62.0,Summer
2022-11-15,S002,P0010,Furniture,West,249,80,34,75.91,91.49,15,Sunny,1,94.41,Spring
2022-10-27,S002,P0015,Groceries,West,267,3,148,17.58,42.8,10,Cloudy,0,44.42,Winter
2023-06-22,S001,P0009,Toys,East,172,73,38,63.72,58.62,5,Sunny,0,54.14,Summer
2023-07-13,S002,P0008,Electronics,East,269,52,156,62.53,77.93,15,Cloudy,1,81.91,Summer
2022-11-16,S004,P0008,Groceries,East,93,60,176,54.38,41.0,0,Sunny,0,36.61,Winter
2022-07-14,S005,P0017,Groceries,North,351,278,90,275.58,96.36,0,Snowy,1,93.53,Autumn
2023-10-29,S001,P0006,Groceries,East,143,60,26,70.57,33.61,5,Rainy,1,37.19,Autumn
2023-04-05,S003,P0008,Electronics,West,112,1,59,14.55,18.6,0,Snowy,0,14.52,Winter
2022-05-19,S003,P0001,Furniture,South,268,131,144,134.66,83.51,5,Rainy,1,84.21,Autumn
2022-01-25,S002,P0017,Groceries,East,221,31,119,21.82,13.16,5,Rainy,0,16.95,Summer
2022-03-16,S005,P0020,Toys,West,453,44,135,41.66,37.87,15,Snowy,1,33.4,Summer
2022-04-28,S005,P0010,Furniture,North,115,93,106,107.78,88.64,10,Cloudy,0,93.33,Spring
2023-03-26,S002,P0018,Electronics,North,127,74,75,79.86,31.22,15,Rainy,1,30.38,Winter
2023-09-16,S004,P0002,Toys,West,218,106,175,96.15,91.49,20,Snowy,0,92.27,Winter
2022-05-23,S002,P0006,Electronics,East,322,158,61,150.45,85.21,5,Sunny,0,83.16,Autumn
2022-03-14,S004,P0008,Electronics,North,498,363,168,363.66,33.26,20,Cloudy,1,36.41,Winter
2022-11-05,S003,P0010,Toys,East,162,91,61,110.76,84.94,0,Sunny,0,86.27,Summer
2023-02-01,S003,P0001,Toys,East,418,35,164,42.72,40.51,0,Cloudy,0,41.02,Spring
2022-02-21,S004,P0010,Groceries,South,327,120,87,128.37,50.51,10,Sunny,1,48.13,Winter
2023-08-04,S001,P0011,Furniture,East,306,258,189,277.19,62.7,5,Rainy,1,62.01,Summer
2023-10-18,S003,P0020,Toys,South,358,309,113,308.56,56.58,5,Rainy,0,51.86,Spring
2023-05-18,S001,P0019,Electronics,West,289,172,67,166.68,10.19,10,Sunny,0,8.17,Winter
2023-01-06,S001,P0010,Furniture,West,111,28,125,26.64,99.7,15,Cloudy,0,103.29,Winter
2023-12-01,S005,P0015,Clothing,South,491,255,80,250.07,90.84,10,Rainy,0,95.77,Winter
2022-02-23,S005,P0019,Toys,West,167,31,74,22.02,37.99,15,Snowy,1,40.84,Spring
2023-01-30,S001,P0017,Groceries,North,422,294,35,308.43,69.17,5,Sunny,0,73.56,Spring
2022-12-29,S003,P0003,Toys,East,172,137,115,152.52,57.58,15,Rainy,1,58.45,Spring
2022-04-20,S004,P0010,Furniture,South,273,6,83,10.5,81.16,5,Rainy,0,84.39,Winter
2022-12-15,S001,P0003,Clothing,East,487,312,67,309.45,77.11,0,Rainy,1,77.72,Autumn
2023-03-04,S004,P0018,Clothing,North,110,87,151,89.69,54.25,0,Sunny,1,52.54,Winter
2023-01-06,S002,P0013,Electronics,South,189,132,81,134.29,74.24,10,Rainy,0,74.83,Autumn
2022-08-17,S001,P0010,Electronics,East,487,459,87,469.12,84.93,10,Snowy,0,83.21,Summer
2023-05-17,S005,P0004,Clothing,South,240,73,122,73.38,39.12,0,Snowy,1,38.49,Spring
2023-02-27,S003,P0007,Electronics,South,347,33,89,42.61,23.56,10,Sunny,0,22.64,Summer
2022-04-20,S002,P0011,Toys,West,159,79,33,74.42,75.69,0,Snowy,1,79.51,Winter
2022-03-06,S002,P0006,Electronics,East,279,216,59,214.58,61.32,5,Rainy,0,59.76,Autumn
2022-03-31,S005,P0020,Furniture,South,273,48,152,52.61,99.99,15,Sunny,0,101.82,Spring
2022-02-08,S001,P0003,Clothing,North,389,376,198,372.97,18.33,0,Rainy,1,20.7,Summer
2023-10-18,S004,P0008,Toys,East,187,23,68,28.19,35.91,0,Snowy,0,40.22,Summer
2023-08-19,S001,P0011,Furniture,East,120,35,182,45.13,95.66,10,Rainy,1,92.22,Spring
2023-03-05,S001,P0007,Toys,South,292,212,175,222.88,37.93,5,Snowy,0,34.97,Winter
2023-03-09,S003,P0002,Clothing,South,344,132,36,123.48,68.21,0,Snowy,1,69.55,Autumn
2022-11-16,S002,P0008,Electronics,East,402,37,90,53.97,39.46,10,Snowy,0,35.01,Spring
2023-10-28,S003,P0017,Groceries,West,190,145,143,141.35,26.29,15,Snowy,0,22.37,Autumn
2022-12-09,S003,P0012,Clothing,East,469,62,169,52.15,83.58,10,Cloudy,1,84.47,Summer
2022-10-12,S002,P0001,Furniture,North,315,81,122,79.17,39.26,0,Snowy,1,35.53,Summer
2022-01-19,S003,P0007,Furniture,North,312,307,167,318.89,85.7,10,Sunny,0,88.25,Autumn
2022-03-03,S001,P0009,Electronics,East,89,8,91,20.71,45.12,10,Sunny,0,42.55,Autumn
2022-02-07,S004,P0008,Toys,West,310,14,56,29.19,42.81,5,Snowy,1,47.11,Spring
2022-01-03,S004,P0008,Electronics,East,217,209,35,215.04,63.1,10,Rainy,1,65.17,Winter
2022-02-26,S005,P0013,Furniture,East,85,54,142,48.81,80.66,20,Snowy,0,76.57,Spring
2023-02-01,S005,P0013,Furniture,West,246,191,182,203.37,24.78,5,Cloudy,0,28.73,Autumn
2023-10-17,S004,P0017,Clothing,South,455,115,170,111.08,92.61,20,Rainy,0,90.04,Autumn
2022-04-23,S003,P0009,Clothing,North,325,125,144,143.23,63.95,0,Sunny,1,63.57,Winter
2023-03-04,S004,P0016,Furniture,North,439,310,91,329.48,91.92,15,Rainy,1,95.54,Summer
2022-12-27,S002,P0015,Clothing,South,219,84,137,89.99,23.15,20,Rainy,0,23.97,Summer
2023-07-28,S002,P0008,Clothing,North,361,319,31,317.6,94.93,0,Cloudy,1,90.45,Winter
2023-02-26,S001,P0005,Groceries,North,221,112,35,131.91,96.65,15,Snowy,1,93.67,Spring
2023-10-08,S001,P0015,Toys,North,482,95,64,87.76,98.67,15,Cloudy,1,98.3,Winter
2022-01-20,S005,P0011,Furniture,West,73,5,192,18.86,67.08,15,Rainy,0,67.47,Spring
2022-01-09,S002,P0001,Groceries,South,361,155,102,149.74,78.43,15,Cloudy,1,82.14,Winter
2023-04-03,S005,P0007,Furniture,West,428,24,193,17.54,63.26,15,Sunny,0,67.29,Spring
2022-05-29,S005,P0007,Furniture,East,369,331,104,348.73,19.4,0,Rainy,0,22.43,Autumn
2022-02-10,S003,P0018,Electronics,South,288,7,183,14.2,38.19,20,Rainy,1,36.76,Spring
2023-01-01,S004,P0010,Groceries,East,232,167,170,181.5,71.85,10,Cloudy,0,70.52,Winter
2022-08-18,S004,P0006,Groceries,North,348,183,184,179.38,57.51,15,Cloudy,0,57.99,Autumn
2023-08-04,S003,P0003,Toys,South,365,223,38,229.82,26.93,20,Rainy,1,26.87,Spring
2023-07-14,S005,P0009,Furniture,South,279,149,109,139.69,28.15,5,Sunny,0,25.79,Summer
2022-05-21,S001,P0019,Toys,North,266,40,103,36.3,66.33,15,Snowy,0,65.59,Autumn
2023-05-18,S001,P0013,Toys,West,183,23,65,41.55,26.16,10,Rainy,1,23.01,Spring
2023-10-22,S002,P0018,Electronics,North,231,86,67,101.54,94.65,10,Sunny,0,97.14,Autumn
2023-10-24,S001,P0004,Furniture,South,478,192,146,182.22,95.89,20,Cloudy,1,95.63,Summer
2022-08-18,S005,P0001,Clothing,West,368,180,121,184.49,19.38,15,Snowy,1,20.53,Spring
2022-07-18,S002,P0014,Toys,North,133,103,174,112.59,78.82,0,Rainy,1,82.74,Winter
2022-07-05,S005,P0012,Groceries,West,401,272,193,271.69,85.47,10,Snowy,0,81.36,Autumn
2023-03-14,S001,P0018,Furniture,South,182,123,193,125.2,59.94,15,Sunny,0,58.14,Winter
2022-09-22,S005,P0008,Electronics,North,90,11,140,14.98,34.1,5,Snowy,0,30.96,Summer
2022-10-23,S002,P0005,Groceries,South,328,162,42,167.63,55.84,0,Cloudy,1,56.86,Winter
2022-04-12,S002,P0013,Clothing,East,374,250,166,246.4,75.12,0,Rainy,0,79.6,Winter
2023-09-05,S005,P0015,Furniture,West,213,195,105,214.05,92.3,15,Cloudy,0,88.44,Autumn
2023-10-09,S004,P0013,Furniture,South,449,12,86,26.29,50.78,20,Snowy,0,45.8,Spring
2022-03-24,S003,P0002,Clothing,North,285,73,192,71.63,34.96,20,Rainy,1,34.39,Autumn
2022-01-07,S003,P0004,Furniture,North,121,8,198,12.47,42.9,10,Rainy,1,40.45,Winter
2023-01-15,S003,P0011,Electronics,North,335,239,189,250.11,49.85,15,Snowy,1,54.18,Summer
2022-01-08,S002,P0001,Groceries,North,349,341,198,348.41,90.22,20,Rainy,1,87.58,Summer
2022-06-25,S003,P0013,Clothing,West,75,36,95,46.11,16.75,15,Sunny,0,13.98,Summer
2023-06-30,S005,P0002,Clothing,South,250,140,160,145.06,86.19,5,Rainy,1,89.7,Summer
2023-10-07,S005,P0016,Electronics,South,63,56,108,59.36,43.03,20,Cloudy,0,40.41,Spring
2023-06-21,S002,P0012,Furniture,West,278,25,41,29.38,39.39,15,Cloudy,0,41.56,Autumn
2023-11-06,S003,P0013,Clothing,South,286,269,134,261.7,46.63,20,Sunny,1,45.85,Summer
2023-03-29,S004,P0014,Groceries,West,78,35,98,30.76,41.83,5,Sunny,1,39.0,Summer
2022-08-12,S004,P0014,Electronics,North,495,481,83,480.03,71.96,0,Cloudy,0,70.36,Winter
2022-02-20,S005,P0004,Clothing,South,257,65,112,76.84,30.41,0,Sunny,1,34.57,Summer
2022-01-25,S003,P0010,Groceries,East,144,80,199,94.07,83.69,0,Snowy,0,81.65,Autumn
2022-09-08,S003,P0016,Toys,East,193,52,58,51.98,95.5,20,Sunny,1,96.46,Winter
2022-02-25,S003,P0012,Clothing,East,480,25,145,18.37,39.61,20,Cloudy,0,42.73,Winter
2022-10-07,S005,P0020,Toys,South,138,5,196,-0.22,72.3,20,Rainy,1,69.35,Spring
2022-01-23,S001,P0013,Furniture,East,192,32,117,41.82,39.38,0,Cloudy,0,36.51,Autumn
2022-06-23,S001,P0003,Clothing,West,442,302,123,314.42,41.07,20,Cloudy,0,45.29,Summer
2022-05-10,S005,P0011,Toys,South,330,49,105,65.88,22.94,5,Rainy,0,21.93,Winter
2022-09-08,S003,P0017,Furniture,East,171,44,43,54.74,64.57,10,Snowy,1,69.0,Spring
2023-08-14,S004,P0001,Furniture,South,54,24,72,38.39,93.83,5,Rainy,1,97.83,Spring
2023-12-01,S005,P0017,Clothing,North,55,24,162,19.09,11.0,0,Sunny,0,11.41,Autumn
2022-02-13,S003,P0007,Electronics,South,281,67,159,72.93,16.96,5,Sunny,0,17.3,Spring
2023-05-23,S005,P0009,Furniture,South,184,18,80,18.71,68.82,15,Sunny,0,68.86,Summer
2022-02-17,S005,P0009,Furniture,South,478,298,154,298.76,38.16,5,Sunny,0,34.63,Summer
2023-02-08,S001,P0003,Clothing,West,241,237,117,243.16,79.93,0,Sunny,1,81.76,Summer
2023-11-24,S004,P0011,Furniture,South,133,118,149,130.84,25.06,15,Snowy,1,29.4,Summer
2022-05-11,S004,P0017,Clothing,West,496,436,191,436.23,98.4,5,Snowy,1,100.06,Summer
2023-12-09,S003,P0008,Electronics,South,340,317,164,328.35,47.2,5,Snowy,1,50.75,Spring
2023-05-07,S001,P0020,Toys,East,289,194,56,186.0,40.81,20,Snowy,0,38.93,Winter
2023-06-19,S002,P0011,Furniture,East,250,44,107,43.16,38.77,10,Sunny,0,36.8,Winter
2022-03-13,S001,P0001,Clothing,North,327,95,141,101.11,87.0,15,Sunny,0,91.43,Summer
2023-01-22,S005,P0014,Furniture,West,265,253,56,265.68,45.92,10,Sunny,1,41.31,Spring
2022-09-24,S003,P0003,Groceries,East,297,248,70,253.56,56.29,15,Snowy,1,56.02,Summer
2022-02-14,S004,P0009,Toys,South,56,35,190,51.09,42.75,0,Sunny,0,41.95,Autumn
2023-03-11,S004,P0011,Furniture,South,346,247,192,248.61,42.25,10,Sunny,1,37.9,Winter
2022-09-27,S004,P0010,Groceries,North,287,74,71,64.31,35.19,10,Snowy,1,38.99,Winter
2023-11-29,S005,P0017,Groceries,East,403,276,96,288.11,23.85,15,Cloudy,1,23.49,Summer
2023-09-12,S004,P0007,Groceries,North,153,121,199,119.36,19.67,10,Snowy,1,17.07,Spring
2023-09-14,S002,P0009,Clothing,North,148,14,150,6.26,61.89,10,Sunny,1,59.39,Winter
2022-03-26,S003,P0010,Clothing,North,317,141,119,137.1,35.46,5,Sunny,1,36.45,Spring
2022-10-01,S002,P0006,Electronics,North,400,125,48,135.63,89.47,10,Snowy,1,90.69,Summer
2023-11-15,S005,P0013,Electronics,East,448,268,47,266.84,61.66,10,Rainy,0,66.5,Spring
2023-04-02,S003,P0003,Groceries,South,106,11,85,22.73,34.86,5,Snowy,1,37.13,Autumn
2022-01-23,S005,P0017,Furniture,North,454,200,163,199.18,51.45,5,Sunny,0,55.14,Summer
2023-04-26,S005,P0017,Electronics,East,128,112,99,118.68,36.94,5,Rainy,1,35.36,Autumn
2023-07-21,S004,P0010,Clothing,South,384,211,168,217.79,91.96,10,Snowy,1,88.48,Autumn
2022-03-08,S004,P0017,Furniture,East,382,172,86,184.93,36.0,20,Cloudy,1,31.18,Summer
2022-12-29,S004,P0011,Furniture,East,341,61,139,61.64,15.58,5,Snowy,0,13.95,Spring
2023-01-01,S002,P0013,Groceries,South,459,90,120,89.03,83.29,5,Sunny,1,85.76,Winter
2023-02-07,S005,P0013,Clothing,East,220,73,65,91.12,50.11,20,Rainy,0,46.24,Winter
2023-09-11,S001,P0013,Toys,West,74,44,164,57.01,81.52,5,Snowy,1,76.62,Autumn
2022-12-17,S002,P0014,Clothing,North,256,195,135,213.44,84.71,10,Sunny,0,86.5,Spring
2022-03-31,S003,P0002,Groceries,North,396,176,116,187.43,60.7,5,Sunny,0,58.3,Spring
2023-06-18,S004,P0013,Furniture,West,148,75,88,89.92,77.1,15,Rainy,1,77.8,Winter
2023-05-15,S004,P0009,Groceries,West,106,20,76,36.41,81.79,15,Sunny,1,81.76,Autumn
2023-01-18,S001,P0001,Toys,North,484,137,151,151.19,52.9,0,Sunny,0,49.75,Spring
2022-05-16,S005,P0014,Electronics,North,477,175,30,188.86,55.32,15,Rainy,1,57.38,Spring
2023-01-14,S002,P0019,Furniture,West,55,30,51,38.84,86.91,10,Snowy,1,88.92,Spring
2023-08-29,S005,P0016,Toys,South,193,53,20,53.92,35.9,0,Cloudy,1,32.2,Winter
2022-12-22,S003,P0020,Clothing,West,97,59,137,64.78,33.46,0,Sunny,0,32.25,Autumn
2023-10-04,S002,P0017,Clothing,West,185,7,138,-2.87,32.67,15,Rainy,1,33.53,Spring
2022-02-18,S004,P0019,Toys,South,301,75,99,88.38,11.62,5,Rainy,1,13.18,Winter
2022-11-09,S004,P0006,Toys,South,401,143,96,153.9,81.59,5,Snowy,0,79.69,Summer
2022-11-16,S005,P0015,Groceries,East,423,412,100,423.78,68.92,0,Cloudy,0,64.52,Winter
2022-10-05,S004,P0005,Furniture,North,237,152,59,142.06,47.68,20,Rainy,0,52.19,Spring
2022-05-27,S002,P0004,Toys,West,275,145,36,163.12,42.96,10,Snowy,1,47.72,Spring
2022-02-28,S004,P0001,Electronics,South,129,101,33,91.62,40.0,10,Snowy,1,39.64,Winter
